VegPresence,RootPresence,DistBarrier,DistHighWater,TotalDist,LocOnBeach,SurfaceDepth,BottomDepth,InternalDepth,CavityWidth,Hatched,Unhatched,Developed_UH,DeadPip,EncasedTotal,H_Encased,UH_Encased,Live,RootDamageProp,ES,TotalEggs,VegType_-christmas cactus,VegType_-crested saltbrush,VegType_-dune sunflower,VegType_-palm,VegType_-railroad vine,VegType_-salt grass,VegType_-sea grapes,VegType_-sea oats,VegType_-sea purslane,VegType_-seaside spurge (sandmat),VegType_-unknown,VegType_no,PlantRoot_Sea Oats,PlantRoot_no,Divisions_M,Divisions_U,ZoneID_4.0,ZoneID_5.0,ZoneID_6.0,ZoneID_7.0,ZoneID_8.0,ZoneID_9.0,Lat_27.13,Lat_27.14,Lat_27.15,Lat_27.16,Long_-82.49,Long_-82.48,Long_-82.47,LivePip_1.0,LivePip_2.0,LivePip_3.0,LivePip_7.0,Yolkless_1.0,Yolkless_2.0,DevEnc_UH_0.1956521739130435,DevEnc_UH_1.0,DevEnc_UH_3.0,DevEnc_UH_6.0,InvadedTotal_1.0,InvadedTotal_2.0,InvadedTotal_3.0,InvadedTotal_5.0,InvadedTotal_6.0,InvadedTotal_10.0,InvadedTotal_19.0,H_Invaded_5.0,H_Invaded_6.0,H_Invaded_12.0,UH_Invaded_0.30434782608695654,UH_Invaded_1.0,UH_Invaded_2.0,UH_Invaded_3.0,UH_Invaded_7.0,UH_Invaded_10.0,Dead_1.0,Dead_2.0,Dead_3.0,Dead_4.0,Dead_5.0,Dead_7.0,MultiVegNum_1,MultiVegNum_2,MultiVegNum_3,MultiVegNum_4
1,1,1.625,-0.49999999999999956,1.064617560657164,-1.0471698113207555,1.1,0.5,-0.8571428571428571,0.21052631578947367,-0.7808219178082192,4.333333333333333,0.0,1.0,2.0,0.0,6.583333333333338,0.0,1.6491228070175439,-1.6408311061298386,0.7927927927927928,0,0,0,0,1,0,0,0,0,0,0,0,0,0,1,0,0,0,0,0,0,0,0,0,0,1,0,1,0,0,0,0,0,0,0,0,0,0,1,0,0,0,0,0,0,0,0,0,0,0,0,0,0,0,0,0,0,0,0,0,0,0,1,0,0
1,1,1.625,-0.49999999999999956,1.064617560657164,-1.0471698113207555,1.1,0.5,-0.8571428571428571,0.21052631578947367,-0.7808219178082192,4.333333333333333,0.0,1.0,2.0,0.0,6.583333333333338,0.0,1.6491228070175439,-1.6408311061298386,0.7927927927927928,0,1,0,0,0,0,0,0,0,0,0,0,0,0,1,0,0,0,0,0,0,0,0,0,0,1,0,1,0,0,0,0,0,0,0,0,0,0,1,0,0,0,0,0,0,0,0,0,0,0,0,0,0,0,0,0,0,0,0,0,0,0,1,0,0
1,1,1.625,-0.49999999999999956,1.064617560657164,-1.0471698113207555,1.1,0.5,-0.8571428571428571,0.21052631578947367,-0.7808219178082192,4.333333333333333,0.0,1.0,2.0,0.0,6.583333333333338,0.0,1.6491228070175439,-1.6408311061298386,0.7927927927927928,0,0,0,0,0,0,0,1,0,0,0,0,0,0,1,0,0,0,0,0,0,0,0,0,0,1,0,1,0,0,0,0,0,0,0,0,0,0,1,0,0,0,0,0,0,0,0,0,0,0,0,0,0,0,0,0,0,0,0,0,0,0,1,0,0
1,1,1.625,-1.002347417840375,0.6408551844195403,-1.205660377358491,0.3,0.0,-0.2857142857142857,0.631578947368421,0.4794520547945205,0.4444444444444444,0.0,8.0,0.08333333333333333,0.0,0.3333333333333333,0.0,0.07170099160945843,-0.11690662988188638,0.6126126126126126,0,0,0,0,1,0,0,0,0,0,0,0,0,0,1,0,0,0,0,0,0,0,0,0,0,1,1,0,0,0,0,0,0,0,0,0,0,0,0,0,0,0,0,0,0,0,0,0,0,0,0,0,0,0,0,1,0,0,0,0,0,0,0,0,0
1,1,-0.375,0.6431924882629106,0.09828092699379803,0.42452830188679236,0.1,0.5,0.5714285714285714,-0.8421052631578947,-1.3287671232876712,-0.5555555555555556,0.0,0.0,0.16666666666666666,2.0,0.0,0.0,1.0,-1.27528235192689,-1.009009009009009,0,0,0,0,1,0,0,0,0,0,0,0,0,0,0,1,0,0,0,0,0,0,0,0,0,1,1,0,0,0,0,0,0,0,0,0,0,0,0,0,0,0,0,1,0,0,0,1,0,0,0,0,0,0,0,0,0,0,0,0,0,1,0,0,0
1,1,-0.375,0.6431924882629106,0.09828092699379803,0.42452830188679236,0.1,0.5,0.5714285714285714,-0.8421052631578947,-1.3287671232876712,-0.5555555555555556,0.0,0.0,0.16666666666666666,2.0,0.0,0.0,1.0,-1.27528235192689,-1.009009009009009,0,0,0,0,0,0,0,1,0,0,0,0,0,0,0,1,0,0,0,0,0,0,0,0,0,1,1,0,0,0,0,0,0,0,0,0,0,0,0,0,0,0,0,1,0,0,0,1,0,0,0,0,0,0,0,0,0,0,0,0,0,1,0,0,0
1,1,1.25,0.42957746478873227,1.4863997388749857,-0.6547169811320757,0.2,-0.125,-0.2857142857142857,-0.42105263157894735,-0.8082191780821918,0.5555555555555556,0.0,0.0,2.5833333333333335,30.0,0.3333333333333333,0.0,3.1563691838291383,0.0582808862833002,-0.07207207207207207,0,0,0,0,1,0,0,0,0,0,0,0,0,0,0,1,1,0,0,0,0,0,0,0,0,1,1,0,0,0,0,0,0,0,0,0,0,0,0,0,0,0,1,0,0,0,1,0,0,0,0,0,0,0,0,0,0,0,0,0,0,0,0,0,0
1,1,2.25,-1.2887323943661968,1.0032314220433023,-1.5490566037735856,-0.7,0.125,1.2857142857142858,-1.4736842105263157,0.6164383561643836,0.6666666666666666,0.0,0.0,0.0,0.0,0.0,0.0,0.0,0.13587378222260532,0.5405405405405406,0,0,0,0,1,0,0,0,0,0,0,0,0,0,1,0,1,0,0,0,0,0,0,0,0,1,0,1,0,0,0,0,0,0,0,0,0,0,0,0,0,0,0,0,0,0,0,0,0,0,0,0,0,0,0,0,0,0,0,0,0,0,0,0,0
1,1,2.5614754098360657,0.9295774647887318,3.175508649766074,-1.0396226415094347,-0.2,0.0,0.42857142857142855,-0.631578947368421,-0.5068493150684932,-0.5555555555555556,0.0,1.0,5.5,59.0,2.3333333333333335,0.0,4.230358504958048,0.273126993706354,1.0810810810810811,0,0,0,0,0,0,0,1,0,0,0,0,0,0,1,0,1,0,0,0,0,0,0,0,0,1,1,0,0,0,0,0,0,0,0,0,0,0,0,0,0,0,0,0,0,0,0,0,0,0,0,0,0,0,0,0,0,0,0,0,0,0,1,0,0
1,1,2.5614754098360657,0.9295774647887318,3.175508649766074,-1.0396226415094347,-0.2,0.0,0.42857142857142855,-0.631578947368421,-0.5068493150684932,-0.5555555555555556,0.0,1.0,5.5,59.0,2.3333333333333335,0.0,4.230358504958048,0.273126993706354,1.0810810810810811,0,0,0,0,1,0,0,0,0,0,0,0,0,0,1,0,1,0,0,0,0,0,0,0,0,1,1,0,0,0,0,0,0,0,0,0,0,0,0,0,0,0,0,0,0,0,0,0,0,0,0,0,0,0,0,0,0,0,0,0,0,0,1,0,0
1,1,2.5614754098360657,0.9295774647887318,3.175508649766074,-1.0396226415094347,-0.2,0.0,0.42857142857142855,-0.631578947368421,-0.5068493150684932,-0.5555555555555556,0.0,1.0,5.5,59.0,2.3333333333333335,0.0,4.230358504958048,0.273126993706354,1.0810810810810811,0,1,0,0,0,0,0,0,0,0,0,0,0,0,1,0,1,0,0,0,0,0,0,0,0,1,1,0,0,0,0,0,0,0,0,0,0,0,0,0,0,0,0,0,0,0,0,0,0,0,0,0,0,0,0,0,0,0,0,0,0,0,1,0,0
1,1,1.7499999999999998,-0.5727699530516429,1.1240235012512236,-1.1226415094339626,0.7,0.0,-0.8571428571428571,-0.21052631578947367,0.0136986301369863,0.0,4.038764385221079,5.0,0.0,0.0,0.0,0.5,0.0,0.02310544012414869,-0.2882882882882883,0,0,0,0,1,0,0,0,0,0,0,0,0,0,1,0,1,0,0,0,0,0,0,0,0,1,0,0,0,0,0,0,0,0,0,0,0,0,0,0,0,0,0,0,0,0,0,0,0,0,0,0,0,0,0,0,0,0,0,0,0,0,0,0,0
1,1,2.3114754098360657,-0.8591549295774645,1.4250136002611244,-1.4169811320754722,-0.3,0.375,1.0,0.21052631578947367,-0.0684931506849315,-0.5555555555555556,0.0,1.0,2.75,25.0,2.6666666666666665,0.0,2.708619374523265,0.21139753427019603,0.6486486486486487,0,0,0,0,1,0,0,0,0,0,0,0,0,0,1,0,1,0,0,0,0,0,0,0,0,1,1,0,0,0,0,0,0,0,0,0,0,0,0,0,0,0,1,0,0,0,1,0,0,0,0,0,0,0,0,0,0,0,0,0,0,0,0,0,0
1,0,2.125,-0.14319248826291062,1.8487759764987484,-1.1415094339622645,0.3,0.0,-0.2857142857142857,-0.631578947368421,0.2054794520547945,0.8888888888888888,0.0,5.0,0.0,0.0,0.0,1.0,0.0,-0.3641693249418054,0.25225225225225223,0,0,0,0,1,0,0,0,0,0,0,0,0,1,1,0,1,0,0,0,0,0,0,0,0,1,1,0,0,0,0,0,0,0,0,0,0,0,0,0,0,0,0,0,0,0,0,0,0,0,0,0,0,0,0,0,0,0,1,0,0,0,0,0,0
1,1,-0.7479508196721313,0.2863849765258216,-0.5670656076596678,0.8169811320754716,0.1,-0.25,-0.2857142857142857,0.0,-0.0958904109589041,-0.1111111111111111,4.845548152634767,0.0,0.25,0.0,1.0,0.0,0.30892448512585813,0.16104836623846888,-0.5405405405405406,0,0,0,0,0,0,0,1,0,0,0,0,1,0,0,1,0,1,0,0,0,0,0,0,1,0,0,1,0,0,0,0,0,0,0,0,0,0,0,0,0,0,0,0,0,0,0,0,0,0,0,0,0,0,0,0,0,0,0,0,0,0,0,0,1
1,1,-0.7479508196721313,0.2863849765258216,-0.5670656076596678,0.8169811320754716,0.1,-0.25,-0.2857142857142857,0.0,-0.0958904109589041,-0.1111111111111111,4.845548152634767,0.0,0.25,0.0,1.0,0.0,0.30892448512585813,0.16104836623846888,-0.5405405405405406,0,0,0,0,0,0,0,0,0,0,0,0,1,0,0,1,0,1,0,0,0,0,0,0,1,0,0,1,0,0,0,0,0,0,0,0,0,0,0,0,0,0,0,0,0,0,0,0,0,0,0,0,0,0,0,0,0,0,0,0,0,0,0,0,1
1,1,-0.7479508196721313,0.2863849765258216,-0.5670656076596678,0.8169811320754716,0.1,-0.25,-0.2857142857142857,0.0,-0.0958904109589041,-0.1111111111111111,4.845548152634767,0.0,0.25,0.0,1.0,0.0,0.30892448512585813,0.16104836623846888,-0.5405405405405406,0,0,0,0,0,0,1,0,0,0,0,0,1,0,0,1,0,1,0,0,0,0,0,0,1,0,0,1,0,0,0,0,0,0,0,0,0,0,0,0,0,0,0,0,0,0,0,0,0,0,0,0,0,0,0,0,0,0,0,0,0,0,0,0,1
1,1,-0.7479508196721313,0.2863849765258216,-0.5670656076596678,0.8169811320754716,0.1,-0.25,-0.2857142857142857,0.0,-0.0958904109589041,-0.1111111111111111,4.845548152634767,0.0,0.25,0.0,1.0,0.0,0.30892448512585813,0.16104836623846888,-0.5405405405405406,0,0,0,1,0,0,0,0,0,0,0,0,1,0,0,1,0,1,0,0,0,0,0,0,1,0,0,1,0,0,0,0,0,0,0,0,0,0,0,0,0,0,0,0,0,0,0,0,0,0,0,0,0,0,0,0,0,0,0,0,0,0,0,0,1
1,1,-0.7479508196721313,0.2863849765258216,-0.5670656076596678,0.8169811320754716,0.1,-0.25,-0.2857142857142857,0.0,-0.0958904109589041,-0.1111111111111111,4.845548152634767,0.0,0.25,0.0,1.0,0.0,0.30892448512585813,0.16104836623846888,-0.5405405405405406,0,0,0,0,0,0,0,0,1,0,0,0,1,0,0,1,0,1,0,0,0,0,0,0,1,0,0,1,0,0,0,0,0,0,0,0,0,0,0,0,0,0,0,0,0,0,0,0,0,0,0,0,0,0,0,0,0,0,0,0,0,0,0,0,1
1,1,-0.25000000000000006,0.42957746478873227,0.03689478837993621,0.30377358490566053,-0.2,-0.75,-0.42857142857142855,-0.8421052631578947,-1.7123287671232876,-0.6666666666666666,0.0,1.0,5.5,59.0,2.3333333333333335,1.5,6.712433257055683,-0.017932580394861487,-0.5045045045045045,0,0,0,0,0,0,0,0,1,0,0,0,1,0,0,1,0,1,0,0,0,0,0,0,1,0,0,1,0,1,0,0,0,0,0,0,0,0,0,0,0,0,0,0,0,0,0,0,0,0,0,0,0,0,0,0,0,0,0,0,0,0,1,0,0
1,1,-0.25000000000000006,0.42957746478873227,0.03689478837993621,0.30377358490566053,-0.2,-0.75,-0.42857142857142855,-0.8421052631578947,-1.7123287671232876,-0.6666666666666666,0.0,1.0,5.5,59.0,2.3333333333333335,1.5,6.712433257055683,-0.017932580394861487,-0.5045045045045045,0,0,0,0,0,0,0,1,0,0,0,0,1,0,0,1,0,1,0,0,0,0,0,0,1,0,0,1,0,1,0,0,0,0,0,0,0,0,0,0,0,0,0,0,0,0,0,0,0,0,0,0,0,0,0,0,0,0,0,0,0,0,1,0,0
1,1,-0.25000000000000006,0.42957746478873227,0.03689478837993621,0.30377358490566053,-0.2,-0.75,-0.42857142857142855,-0.8421052631578947,-1.7123287671232876,-0.6666666666666666,0.0,1.0,5.5,59.0,2.3333333333333335,1.5,6.712433257055683,-0.017932580394861487,-0.5045045045045045,0,0,0,0,0,0,0,0,0,0,0,0,1,0,0,1,0,1,0,0,0,0,0,0,1,0,0,1,0,1,0,0,0,0,0,0,0,0,0,0,0,0,0,0,0,0,0,0,0,0,0,0,0,0,0,0,0,0,0,0,0,0,1,0,0
1,1,0.24999999999999994,-1.0727699530516428,-0.7472636274616477,-0.3792452830188682,0.8,0.625,-0.2857142857142857,-0.21052631578947367,-0.4246575342465753,-0.3333333333333333,0.0,0.0,0.0,0.0,0.0,1.5,0.0,0.04965945340115519,-1.1531531531531531,0,0,0,0,0,0,0,1,0,0,0,0,1,0,0,1,0,1,0,0,0,0,0,0,1,0,0,1,0,0,0,0,0,0,0,0,0,0,0,0,0,0,0,0,0,0,0,0,0,0,0,0,0,0,0,0,1,0,0,0,0,0,0,0,0
1,1,-0.43647540983606564,1.4319248826291073,0.7022413230334014,0.5,0.9,1.875,1.0,2.3157894736842106,-1.7123287671232876,0.1111111111111111,0.0,0.0,1.0,0.0,4.0,0.0,0.9778794813119757,-2.7085093542546765,1.009009009009009,0,0,0,0,0,0,0,1,0,0,0,0,1,0,0,1,0,1,0,0,0,0,0,0,1,0,0,1,0,0,0,0,0,0,0,0,0,0,1,0,0,1,0,0,0,0,0,0,0,0,0,0,1,0,0,0,0,0,0,0,0,1,0,0,0
1,1,-0.43647540983606564,1.4319248826291073,0.7022413230334014,0.5,0.9,1.875,1.0,2.3157894736842106,-1.7123287671232876,0.1111111111111111,0.0,0.0,1.0,0.0,4.0,0.0,0.9778794813119757,-2.7085093542546765,1.009009009009009,0,0,0,0,0,0,0,0,0,0,0,0,1,0,0,1,0,1,0,0,0,0,0,0,1,0,0,1,0,0,0,0,0,0,0,0,0,0,1,0,0,1,0,0,0,0,0,0,0,0,0,0,1,0,0,0,0,0,0,0,0,1,0,0,0
1,0,-0.18647540983606561,-1.718309859154929,-1.713600261125014,-0.06226415094339651,-0.4,-0.625,0.0,0.42105263157894735,0.0958904109589041,0.0,4.038764385221079,1.0,0.0,0.0,0.0,0.0,0.0,0.1889818087766188,-0.32432432432432434,0,0,0,0,0,0,1,0,0,0,0,0,0,1,0,1,0,1,0,0,0,0,0,0,1,0,0,1,0,0,0,0,0,0,0,0,0,0,0,0,0,0,0,0,0,0,0,0,0,0,0,0,0,0,0,1,0,0,0,0,0,1,0,0,0
1,0,-0.18647540983606561,-1.718309859154929,-1.713600261125014,-0.06226415094339651,-0.4,-0.625,0.0,0.42105263157894735,0.0958904109589041,0.0,4.038764385221079,1.0,0.0,0.0,0.0,0.0,0.0,0.1889818087766188,-0.32432432432432434,0,0,0,0,0,0,0,0,1,0,0,0,0,1,0,1,0,1,0,0,0,0,0,0,1,0,0,1,0,0,0,0,0,0,0,0,0,0,0,0,0,0,0,0,0,0,0,0,0,0,0,0,0,0,0,1,0,0,0,0,0,1,0,0,0
1,1,0.12499999999999997,-1.9319248826291073,-1.592808181917093,-0.5528301886792457,0.5,1.0,0.5714285714285714,1.0526315789473684,-0.8082191780821918,0.3333333333333333,10.766807995154453,0.0,2.5,0.0,6.583333333333338,9.5,2.8962623951182302,-1.998103284765928,-0.36036036036036034,0,0,0,0,0,0,0,0,1,0,0,0,0,1,0,1,0,1,0,0,0,0,0,0,1,0,0,1,0,0,0,0,0,0,0,0,0,1,0,0,0,0,0,0,0,0,0,0,0,0,0,0,0,0,0,0,0,0,0,0,0,1,0,0,0
1,1,0.12499999999999997,-1.9319248826291073,-1.592808181917093,-0.5528301886792457,0.5,1.0,0.5714285714285714,1.0526315789473684,-0.8082191780821918,0.3333333333333333,10.766807995154453,0.0,2.5,0.0,6.583333333333338,9.5,2.8962623951182302,-1.998103284765928,-0.36036036036036034,0,0,0,0,0,0,1,0,0,0,0,0,0,1,0,1,0,1,0,0,0,0,0,0,1,0,0,1,0,0,0,0,0,0,0,0,0,1,0,0,0,0,0,0,0,0,0,0,0,0,0,0,0,0,0,0,0,0,0,0,0,1,0,0,0
0,0,0.625,-0.7159624413145534,-0.08389729082798444,-0.5716981132075477,-0.9,-0.625,0.7142857142857143,0.42105263157894735,0.2054794520547945,-0.1111111111111111,0.0,0.0,0.0,0.0,0.0,1.0,0.0,0.2013966721269076,-0.21621621621621623,0,0,0,0,0,0,0,0,0,0,0,1,0,1,0,1,0,1,0,0,0,0,0,0,1,0,0,1,0,1,0,0,0,0,0,0,0,0,0,0,0,0,0,0,0,0,0,0,0,0,0,0,0,0,0,0,0,0,0,0,0,0,0,0,0
0,0,-0.375,0.5727699530516429,0.03689478837993621,0.420754716981132,0.0,0.0,0.14285714285714285,-0.8421052631578947,0.2054794520547945,0.0,0.0,0.0,0.0,0.0,0.0,1.5,0.0,0.006552288990430131,-0.14414414414414414,0,0,0,0,0,0,0,0,0,0,0,1,0,1,0,1,0,1,0,0,0,0,0,0,1,0,0,1,0,0,1,0,0,0,0,0,0,0,0,0,0,0,0,0,0,0,0,0,0,0,0,0,0,0,0,0,1,0,0,0,0,0,0,0,0
1,1,-0.375,0.2863849765258216,-0.20468937003590512,0.40943396226415085,-0.8,-0.875,0.2857142857142857,0.0,-1.8767123287671232,2.888888888888889,0.0,0.0,0.16666666666666666,0.0,0.6666666666666666,0.0,0.2090007627765065,-2.867488576601431,-0.5765765765765766,0,0,0,0,0,0,0,0,1,0,0,0,0,1,0,1,0,1,0,0,0,0,0,0,1,0,0,1,0,0,0,0,0,0,0,0,0,0,0,0,0,0,0,0,0,0,0,0,0,0,0,0,0,0,0,0,0,0,0,0,0,1,0,0,0
1,1,-0.375,0.2863849765258216,-0.20468937003590512,0.40943396226415085,-0.8,-0.875,0.2857142857142857,0.0,-1.8767123287671232,2.888888888888889,0.0,0.0,0.16666666666666666,0.0,0.6666666666666666,0.0,0.2090007627765065,-2.867488576601431,-0.5765765765765766,0,0,0,0,0,0,1,0,0,0,0,0,0,1,0,1,0,1,0,0,0,0,0,0,1,0,0,1,0,0,0,0,0,0,0,0,0,0,0,0,0,0,0,0,0,0,0,0,0,0,0,0,0,0,0,0,0,0,0,0,0,1,0,0,0
1,0,-0.06147540983606563,0.2863849765258216,0.09828092699379803,0.13018867924528296,0.5,0.75,0.2857142857142857,-0.21052631578947367,0.8904109589041096,0.3333333333333333,0.0,5.0,0.0,0.0,0.0,9.5,0.0,-0.913871885507371,1.5135135135135136,0,0,0,0,1,0,0,0,0,0,0,0,0,1,0,1,0,1,0,0,0,0,0,0,1,0,0,1,0,0,1,0,0,0,0,0,0,0,0,0,0,0,0,0,0,0,0,0,0,0,0,0,0,0,0,0,0,0,0,0,1,0,1,0,0
1,0,-0.06147540983606563,0.2863849765258216,0.09828092699379803,0.13018867924528296,0.5,0.75,0.2857142857142857,-0.21052631578947367,0.8904109589041096,0.3333333333333333,0.0,5.0,0.0,0.0,0.0,9.5,0.0,-0.913871885507371,1.5135135135135136,0,0,0,0,0,0,0,1,0,0,0,0,0,1,0,1,0,1,0,0,0,0,0,0,1,0,0,1,0,0,1,0,0,0,0,0,0,0,0,0,0,0,0,0,0,0,0,0,0,0,0,0,0,0,0,0,0,0,0,0,1,0,1,0,0
1,0,-0.06147540983606563,0.2863849765258216,0.09828092699379803,0.13018867924528296,0.5,0.75,0.2857142857142857,-0.21052631578947367,0.8904109589041096,0.3333333333333333,0.0,5.0,0.0,0.0,0.0,9.5,0.0,-0.913871885507371,1.5135135135135136,0,0,0,0,0,0,0,0,1,0,0,0,0,1,0,1,0,1,0,0,0,0,0,0,1,0,0,1,0,0,1,0,0,0,0,0,0,0,0,0,0,0,0,0,0,0,0,0,0,0,0,0,0,0,0,0,0,0,0,0,1,0,1,0,0
1,1,0.75,-0.7887323943661968,-0.02449135023392491,-0.6773584905660379,-0.8,-0.875,0.2857142857142857,-1.0526315789473684,-1.2191780821917808,-0.2222222222222222,0.0,0.0,5.0,51.0,3.0,0.0,5.142639206712434,0.030002586429864798,0.0,0,0,0,0,1,0,0,0,0,0,0,0,0,0,0,1,0,0,1,0,0,0,0,1,0,0,0,1,0,0,0,0,0,0,1,0,1,0,0,0,0,0,0,0,0,0,0,0,0,0,0,0,0,0,0,0,0,0,0,0,0,1,0,0,0
1,1,0.75,-0.7887323943661968,-0.02449135023392491,-0.6773584905660379,-0.8,-0.875,0.2857142857142857,-1.0526315789473684,-1.2191780821917808,-0.2222222222222222,0.0,0.0,5.0,51.0,3.0,0.0,5.142639206712434,0.030002586429864798,0.0,0,0,0,0,0,0,0,1,0,0,0,0,0,0,0,1,0,0,1,0,0,0,0,1,0,0,0,1,0,0,0,0,0,0,1,0,1,0,0,0,0,0,0,0,0,0,0,0,0,0,0,0,0,0,0,0,0,0,0,0,0,1,0,0,0
1,1,0.625,-0.42957746478873227,0.15768686758785688,-0.5000000000000004,0.1,-0.375,-0.42857142857142855,0.42105263157894735,-1.1095890410958904,0.1111111111111111,0.0,0.0,2.0833333333333335,8.0,5.666666666666667,0.0,4.195270785659802,-0.8024829726700575,-0.32432432432432434,0,0,0,0,1,0,0,0,0,0,0,0,0,0,0,1,0,0,1,0,0,0,0,1,0,0,0,1,0,0,0,0,0,0,0,0,0,0,0,0,0,0,0,0,0,1,0,0,1,0,0,0,0,1,0,0,0,0,0,0,0,0,0,1,0
1,1,0.625,-0.42957746478873227,0.15768686758785688,-0.5000000000000004,0.1,-0.375,-0.42857142857142855,0.42105263157894735,-1.1095890410958904,0.1111111111111111,0.0,0.0,2.0833333333333335,8.0,5.666666666666667,0.0,4.195270785659802,-0.8024829726700575,-0.32432432432432434,0,0,0,0,0,0,0,1,0,0,0,0,0,0,0,1,0,0,1,0,0,0,0,1,0,0,0,1,0,0,0,0,0,0,0,0,0,0,0,0,0,0,0,0,0,1,0,0,1,0,0,0,0,1,0,0,0,0,0,0,0,0,0,1,0
1,1,0.625,-0.42957746478873227,0.15768686758785688,-0.5000000000000004,0.1,-0.375,-0.42857142857142855,0.42105263157894735,-1.1095890410958904,0.1111111111111111,0.0,0.0,2.0833333333333335,8.0,5.666666666666667,0.0,4.195270785659802,-0.8024829726700575,-0.32432432432432434,0,0,0,0,0,0,1,0,0,0,0,0,0,0,0,1,0,0,1,0,0,0,0,1,0,0,0,1,0,0,0,0,0,0,0,0,0,0,0,0,0,0,0,0,0,1,0,0,1,0,0,0,0,1,0,0,0,0,0,0,0,0,0,1,0
1,1,0.625,-0.42957746478873227,0.15768686758785688,-0.5000000000000004,0.1,-0.375,-0.42857142857142855,0.42105263157894735,-1.1095890410958904,0.1111111111111111,0.0,0.0,2.0833333333333335,8.0,5.666666666666667,0.0,4.195270785659802,-0.8024829726700575,-0.32432432432432434,0,0,0,0,0,0,0,0,0,0,0,0,0,0,0,1,0,0,1,0,0,0,0,1,0,0,0,1,0,0,0,0,0,0,0,0,0,0,0,0,0,0,0,0,0,1,0,0,1,0,0,0,0,1,0,0,0,0,0,0,0,0,0,1,0
1,1,0.0,-0.8591549295774645,-0.8066695680557072,-0.09245283018867957,0.5,0.625,0.2857142857142857,0.8421052631578947,1.2465753424657535,0.0,8.07510599636584,0.0,0.16666666666666666,0.0,0.6666666666666666,0.5,0.12433257055682684,0.25347012673506364,1.2252252252252251,0,0,0,0,1,0,0,0,0,0,0,0,0,0,0,1,0,0,1,0,0,0,0,0,1,0,0,1,0,0,0,0,0,0,0,0,0,0,0,0,0,0,0,0,0,0,0,0,0,0,0,0,0,0,0,1,0,0,0,0,0,1,0,0,0
1,1,0.0,-0.8591549295774645,-0.8066695680557072,-0.09245283018867957,0.5,0.625,0.2857142857142857,0.8421052631578947,1.2465753424657535,0.0,8.07510599636584,0.0,0.16666666666666666,0.0,0.6666666666666666,0.5,0.12433257055682684,0.25347012673506364,1.2252252252252251,0,0,0,0,0,1,0,0,0,0,0,0,0,0,0,1,0,0,1,0,0,0,0,0,1,0,0,1,0,0,0,0,0,0,0,0,0,0,0,0,0,0,0,0,0,0,0,0,0,0,0,0,0,0,0,1,0,0,0,0,0,1,0,0,0
1,1,-0.25000000000000006,-0.21361502347417835,-0.505679469045806,0.2547169811320756,-1.1,-1.375,0.14285714285714285,0.8421052631578947,-1.904109589041096,-0.6666666666666666,0.0,0.0,2.8333333333333335,0.0,6.583333333333338,0.0,2.622425629290618,-2.9147340287955856,1.4054054054054055,0,0,0,0,1,0,0,0,0,0,0,0,0,0,0,1,0,0,1,0,0,0,0,0,1,0,0,1,0,0,0,0,0,0,0,0,0,0,0,0,0,0,0,0,1,0,0,0,0,0,0,0,0,0,1,0,0,0,0,0,0,1,0,0,0
1,1,-0.25000000000000006,-0.21361502347417835,-0.505679469045806,0.2547169811320756,-1.1,-1.375,0.14285714285714285,0.8421052631578947,-1.904109589041096,-0.6666666666666666,0.0,0.0,2.8333333333333335,0.0,6.583333333333338,0.0,2.622425629290618,-2.9147340287955856,1.4054054054054055,0,0,0,0,0,0,0,1,0,0,0,0,0,0,0,1,0,0,1,0,0,0,0,0,1,0,0,1,0,0,0,0,0,0,0,0,0,0,0,0,0,0,0,0,1,0,0,0,0,0,0,0,0,0,1,0,0,0,0,0,0,1,0,0,0
1,1,-0.18647540983606561,-0.07276995305164329,-0.32548144924382577,0.2056603773584906,0.0,0.0,0.2857142857142857,-0.42105263157894735,0.7808219178082192,-0.4444444444444444,12.113870381586919,0.0,0.0,0.0,0.0,0.5,0.0,0.43038192947667914,0.3963963963963964,0,0,0,0,0,0,0,1,0,0,0,0,1,0,0,1,0,0,1,0,0,0,0,1,0,0,0,1,0,0,0,0,0,0,0,0,0,0,0,0,0,0,0,0,0,0,0,0,0,0,0,0,0,0,0,0,0,0,0,0,0,0,0,0,0
1,1,0.375,-1.1455399061032858,-0.6878576868675884,-0.5075471698113212,0.0,0.625,1.0,0.0,-0.4520547945205479,3.2222222222222223,0.6929133858267718,0.0,0.9166666666666666,0.0,3.6666666666666665,0.0,0.84744469870328,-1.1031985515992755,0.36036036036036034,0,0,0,0,1,0,0,0,0,0,0,0,1,0,0,1,0,0,1,0,0,0,0,0,1,0,0,1,0,0,0,0,0,0,0,0,0,0,0,0,0,0,0,0,0,0,0,0,0,0,0,0,0,0,0,1,0,0,0,0,0,1,0,0,0
1,1,0.375,-1.1455399061032858,-0.6878576868675884,-0.5075471698113212,0.0,0.625,1.0,0.0,-0.4520547945205479,3.2222222222222223,0.6929133858267718,0.0,0.9166666666666666,0.0,3.6666666666666665,0.0,0.84744469870328,-1.1031985515992755,0.36036036036036034,0,0,0,0,0,0,0,1,0,0,0,0,1,0,0,1,0,0,1,0,0,0,0,0,1,0,0,1,0,0,0,0,0,0,0,0,0,0,0,0,0,0,0,0,0,0,0,0,0,0,0,0,0,0,0,1,0,0,0,0,0,1,0,0,0
1,1,-0.375,-0.35680751173708897,-0.7472636274616477,0.3754716981132074,1.0,0.625,-0.42857142857142855,1.0526315789473684,-1.4657534246575343,-0.4444444444444444,0.0,0.0,0.0,0.0,0.0,4.0,0.0,-2.6591947581688076,0.6846846846846847,0,0,0,0,0,0,0,1,0,0,0,0,1,0,0,1,0,0,1,0,0,0,0,0,1,0,0,1,0,0,0,0,0,0,0,0,0,0,0,0,0,0,0,0,0,0,0,0,0,0,0,0,0,0,0,0,0,0,0,0,0,1,0,0,0
1,1,-0.375,-0.35680751173708897,-0.7472636274616477,0.3754716981132074,1.0,0.625,-0.42857142857142855,1.0526315789473684,-1.4657534246575343,-0.4444444444444444,0.0,0.0,0.0,0.0,0.0,4.0,0.0,-2.6591947581688076,0.6846846846846847,0,0,0,0,1,0,0,0,0,0,0,0,1,0,0,1,0,0,1,0,0,0,0,0,1,0,0,1,0,0,0,0,0,0,0,0,0,0,0,0,0,0,0,0,0,0,0,0,0,0,0,0,0,0,0,0,0,0,0,0,0,1,0,0,0
0,0,0.0,-0.42957746478873227,-0.44627352845174645,-0.01698113207547193,2.0,2.25,-0.14285714285714285,-0.42105263157894735,1.7123287671232876,-0.1111111111111111,14.536644457904302,0.0,0.0,0.0,0.0,0.0,0.0,0.4079662039831019,1.7297297297297298,0,0,0,0,0,0,0,0,0,0,0,1,0,1,0,1,0,0,1,0,0,0,0,1,0,0,0,1,0,0,0,0,0,0,0,0,0,0,0,0,0,0,0,0,0,0,0,0,0,0,0,0,0,0,0,0,0,0,0,0,0,0,0,0,0
0,0,0.375,-0.9295774647887318,-0.505679469045806,-0.44716981132075506,0.0,0.625,1.0,0.631578947368421,-0.0136986301369863,1.6666666666666667,1.1532404603270745,0.0,0.0,0.0,0.0,1.0,0.0,-0.3476161738080868,0.036036036036036036,0,0,0,0,0,0,0,0,0,0,0,1,0,1,0,1,0,0,1,0,0,0,0,1,0,0,0,1,0,0,0,0,0,0,0,0,0,0,0,0,0,0,0,0,0,0,0,0,0,0,0,0,0,0,0,0,0,0,0,0,0,0,0,0,0
1,1,-0.43647540983606564,0.07042253521126733,-0.44627352845174645,0.46603773584905656,-0.2,-0.125,0.2857142857142857,-1.0526315789473684,-0.0958904109589041,-0.1111111111111111,0.0,0.0,0.0,0.0,0.0,0.5,0.0,0.19863781360462124,-0.6126126126126126,0,0,0,0,0,0,0,1,0,0,0,0,1,0,0,1,0,0,0,1,0,0,0,1,0,0,0,0,1,1,0,0,0,0,0,0,0,0,0,0,0,0,0,0,0,0,0,0,0,0,0,0,0,0,0,0,0,0,0,0,0,1,0,0,0
1,1,-0.43647540983606564,0.07042253521126733,-0.44627352845174645,0.46603773584905656,-0.2,-0.125,0.2857142857142857,-1.0526315789473684,-0.0958904109589041,-0.1111111111111111,0.0,0.0,0.0,0.0,0.0,0.5,0.0,0.19863781360462124,-0.6126126126126126,0,0,0,0,0,0,0,0,1,0,0,0,1,0,0,1,0,0,0,1,0,0,0,1,0,0,0,0,1,1,0,0,0,0,0,0,0,0,0,0,0,0,0,0,0,0,0,0,0,0,0,0,0,0,0,0,0,0,0,0,0,1,0,0,0
0,0,1.25,-1.7887323943661964,-0.3848873898378853,-1.352830188679246,0.4,-0.375,-0.8571428571428571,-0.21052631578947367,-0.4794520547945205,0.6666666666666666,4.038764385221079,11.0,0.0,0.0,0.0,0.0,0.0,-1.173204586602293,0.43243243243243246,0,0,0,0,0,0,0,0,0,0,0,1,0,1,1,0,0,0,0,1,0,0,0,1,0,0,0,1,0,0,0,0,0,0,0,0,0,0,0,0,0,0,0,0,0,0,0,0,0,0,0,0,0,0,0,1,0,0,0,0,0,0,0,0,0
1,1,-0.18647540983606561,-1.4319248826291073,-1.4720161027091723,0.0056603773584903636,1.4,1.125,-0.42857142857142855,0.8421052631578947,0.726027397260274,0.2222222222222222,9.085402786190189,1.0,0.08333333333333333,0.0,0.3333333333333333,0.0,0.07170099160945843,0.194154668505906,0.6126126126126126,0,0,0,0,1,0,0,0,0,0,0,0,0,0,0,1,0,0,0,1,0,0,0,1,0,0,0,0,1,0,0,0,0,0,0,0,0,0,0,0,0,0,0,0,0,0,0,0,0,0,0,0,0,0,0,0,0,0,0,0,0,0,0,0,0
1,1,-0.25000000000000006,-0.42957746478873227,-0.6878576868675884,0.2320754716981133,-0.4,-0.5,0.2857142857142857,0.631578947368421,-0.0136986301369863,0.4444444444444444,7.268322228952151,1.0,0.08333333333333333,0.0,0.3333333333333333,0.0,0.09382151029748284,0.02310544012414869,-0.2882882882882883,0,0,0,0,0,0,0,1,0,0,0,0,1,0,0,1,0,0,0,1,0,0,0,1,0,0,0,0,1,0,0,0,0,0,0,0,0,0,0,0,0,0,0,0,0,0,0,0,0,0,0,0,0,0,0,0,0,0,0,0,0,0,0,0,0
1,1,-1.0614754098360655,0.2863849765258216,-0.8680557066695683,1.2320754716981137,-2.1,-1.5,1.2857142857142858,-0.42105263157894735,-0.1232876712328767,0.5555555555555556,8.809206541490006,0.0,0.16666666666666666,0.0,0.6666666666666666,0.0,0.47063310450038137,-0.14725407362703666,-0.2882882882882883,0,0,0,0,0,0,0,1,0,0,0,0,1,0,0,1,0,0,0,1,0,0,0,1,0,0,0,1,0,0,0,0,0,1,0,0,0,0,0,0,0,1,0,0,0,0,0,0,0,0,0,0,1,0,0,0,0,0,0,0,0,0,0,1,0
1,1,-1.0614754098360655,0.2863849765258216,-0.8680557066695683,1.2320754716981137,-2.1,-1.5,1.2857142857142858,-0.42105263157894735,-0.1232876712328767,0.5555555555555556,8.809206541490006,0.0,0.16666666666666666,0.0,0.6666666666666666,0.0,0.47063310450038137,-0.14725407362703666,-0.2882882882882883,1,0,0,0,0,0,0,0,0,0,0,0,1,0,0,1,0,0,0,1,0,0,0,1,0,0,0,1,0,0,0,0,0,1,0,0,0,0,0,0,0,1,0,0,0,0,0,0,0,0,0,0,1,0,0,0,0,0,0,0,0,0,0,1,0
1,1,-1.0614754098360655,0.2863849765258216,-0.8680557066695683,1.2320754716981137,-2.1,-1.5,1.2857142857142858,-0.42105263157894735,-0.1232876712328767,0.5555555555555556,8.809206541490006,0.0,0.16666666666666666,0.0,0.6666666666666666,0.0,0.47063310450038137,-0.14725407362703666,-0.2882882882882883,0,0,0,0,0,1,0,0,0,0,0,0,1,0,0,1,0,0,0,1,0,0,0,1,0,0,0,1,0,0,0,0,0,1,0,0,0,0,0,0,0,1,0,0,0,0,0,0,0,0,0,0,1,0,0,0,0,0,0,0,0,0,0,1,0
1,1,-1.0614754098360655,0.2863849765258216,-0.8680557066695683,1.2320754716981137,-2.1,-1.5,1.2857142857142858,-0.42105263157894735,-0.1232876712328767,0.5555555555555556,8.809206541490006,0.0,0.16666666666666666,0.0,0.6666666666666666,0.0,0.47063310450038137,-0.14725407362703666,-0.2882882882882883,0,0,0,0,0,0,0,0,0,0,1,0,1,0,0,1,0,0,0,1,0,0,0,1,0,0,0,1,0,0,0,0,0,1,0,0,0,0,0,0,0,1,0,0,0,0,0,0,0,0,0,0,1,0,0,0,0,0,0,0,0,0,0,1,0
1,1,-0.31147540983606564,0.859154929577465,0.3398650854096394,0.3792452830188678,0.1,0.625,0.8571428571428571,1.0526315789473684,-0.0958904109589041,-0.1111111111111111,0.0,0.0,0.0,0.0,0.0,0.0,0.0,0.2910595741012155,-0.6486486486486487,0,0,0,0,0,0,1,0,0,0,0,0,1,0,0,1,0,0,0,1,0,0,0,1,0,0,0,1,0,0,0,0,0,0,0,0,0,0,0,0,0,0,0,0,0,0,0,0,0,0,0,0,0,0,0,0,0,0,0,0,0,1,0,0,0
1,1,-0.31147540983606564,0.859154929577465,0.3398650854096394,0.3792452830188678,0.1,0.625,0.8571428571428571,1.0526315789473684,-0.0958904109589041,-0.1111111111111111,0.0,0.0,0.0,0.0,0.0,0.0,0.0,0.2910595741012155,-0.6486486486486487,0,0,0,0,0,0,0,1,0,0,0,0,1,0,0,1,0,0,0,1,0,0,0,1,0,0,0,1,0,0,0,0,0,0,0,0,0,0,0,0,0,0,0,0,0,0,0,0,0,0,0,0,0,0,0,0,0,0,0,0,0,1,0,0,0
1,1,-2.0614754098360657,2.6478873239436607,0.15768686758785688,1.99433962264151,-1.1,-0.25,1.2857142857142858,-0.42105263157894735,-0.863013698630137,0.5555555555555556,13.216232586311328,3.0,3.8333333333333335,42.0,1.3333333333333333,0.0,3.58047292143402,-0.09966376411759635,0.32432432432432434,0,0,0,0,0,0,0,1,0,0,0,0,1,0,0,1,0,0,0,1,0,0,0,1,0,0,0,1,0,0,0,0,0,0,0,0,1,0,0,0,0,0,0,0,0,0,0,0,0,0,0,0,0,0,0,0,0,0,0,0,0,1,0,0,0
1,1,-2.0614754098360657,2.6478873239436607,0.15768686758785688,1.99433962264151,-1.1,-0.25,1.2857142857142858,-0.42105263157894735,-0.863013698630137,0.5555555555555556,13.216232586311328,3.0,3.8333333333333335,42.0,1.3333333333333333,0.0,3.58047292143402,-0.09966376411759635,0.32432432432432434,0,0,0,0,0,0,1,0,0,0,0,0,1,0,0,1,0,0,0,1,0,0,0,1,0,0,0,1,0,0,0,0,0,0,0,0,1,0,0,0,0,0,0,0,0,0,0,0,0,0,0,0,0,0,0,0,0,0,0,0,0,1,0,0,0
1,1,-0.6864754098360656,1.575117370892018,0.5814492438254807,0.707547169811321,-0.5,0.5,1.4285714285714286,0.0,-1.904109589041096,-0.6666666666666666,0.0,0.0,9.416666666666666,8.0,6.583333333333338,3.0,7.627765064836003,-2.853694283989999,0.8648648648648649,0,0,0,0,0,0,0,1,0,0,0,0,1,0,0,1,0,0,0,1,0,0,1,0,0,0,0,0,1,0,0,0,0,0,0,0,0,0,0,0,0,0,0,0,0,0,0,0,0,0,0,0,0,0,0,0,0,0,0,0,0,0,0,1,0
1,1,-0.6864754098360656,1.575117370892018,0.5814492438254807,0.707547169811321,-0.5,0.5,1.4285714285714286,0.0,-1.904109589041096,-0.6666666666666666,0.0,0.0,9.416666666666666,8.0,6.583333333333338,3.0,7.627765064836003,-2.853694283989999,0.8648648648648649,0,0,1,0,0,0,0,0,0,0,0,0,1,0,0,1,0,0,0,1,0,0,1,0,0,0,0,0,1,0,0,0,0,0,0,0,0,0,0,0,0,0,0,0,0,0,0,0,0,0,0,0,0,0,0,0,0,0,0,0,0,0,0,1,0
1,1,-0.6864754098360656,1.575117370892018,0.5814492438254807,0.707547169811321,-0.5,0.5,1.4285714285714286,0.0,-1.904109589041096,-0.6666666666666666,0.0,0.0,9.416666666666666,8.0,6.583333333333338,3.0,7.627765064836003,-2.853694283989999,0.8648648648648649,0,0,0,0,0,0,0,0,1,0,0,0,1,0,0,1,0,0,0,1,0,0,1,0,0,0,0,0,1,0,0,0,0,0,0,0,0,0,0,0,0,0,0,0,0,0,0,0,0,0,0,0,0,0,0,0,0,0,0,0,0,0,0,1,0
1,1,-0.6864754098360656,1.575117370892018,0.5814492438254807,0.707547169811321,-0.5,0.5,1.4285714285714286,0.0,-1.904109589041096,-0.6666666666666666,0.0,0.0,9.416666666666666,8.0,6.583333333333338,3.0,7.627765064836003,-2.853694283989999,0.8648648648648649,0,0,0,0,0,0,1,0,0,0,0,0,1,0,0,1,0,0,0,1,0,0,1,0,0,0,0,0,1,0,0,0,0,0,0,0,0,0,0,0,0,0,0,0,0,0,0,0,0,0,0,0,0,0,0,0,0,0,0,0,0,0,0,1,0
1,1,-0.375,0.21361502347417877,-0.26409531062996466,0.4056603773584904,1.0,0.0,-1.2857142857142858,0.21052631578947367,0.2328767123287671,-0.5555555555555556,0.0,0.0,0.0,0.0,0.0,0.0,0.0,0.49004224502112276,-0.36036036036036034,0,0,0,0,0,0,0,1,0,0,0,0,1,0,0,1,0,0,0,1,0,0,0,1,0,0,0,0,1,0,0,0,0,0,0,0,0,0,0,0,0,0,0,0,0,0,0,0,0,0,0,0,0,0,0,0,0,0,0,0,0,0,1,0,0
1,1,-0.375,0.21361502347417877,-0.26409531062996466,0.4056603773584904,1.0,0.0,-1.2857142857142858,0.21052631578947367,0.2328767123287671,-0.5555555555555556,0.0,0.0,0.0,0.0,0.0,0.0,0.0,0.49004224502112276,-0.36036036036036034,0,0,0,0,0,1,0,0,0,0,0,0,1,0,0,1,0,0,0,1,0,0,0,1,0,0,0,0,1,0,0,0,0,0,0,0,0,0,0,0,0,0,0,0,0,0,0,0,0,0,0,0,0,0,0,0,0,0,0,0,0,0,1,0,0
1,1,-0.375,0.21361502347417877,-0.26409531062996466,0.4056603773584904,1.0,0.0,-1.2857142857142858,0.21052631578947367,0.2328767123287671,-0.5555555555555556,0.0,0.0,0.0,0.0,0.0,0.0,0.0,0.49004224502112276,-0.36036036036036034,0,0,0,0,0,0,0,0,1,0,0,0,1,0,0,1,0,0,0,1,0,0,0,1,0,0,0,0,1,0,0,0,0,0,0,0,0,0,0,0,0,0,0,0,0,0,0,0,0,0,0,0,0,0,0,0,0,0,0,0,0,0,1,0,0
1,1,-0.375,0.859154929577465,0.2784789467957782,0.4320754716981131,-0.3,-0.25,0.2857142857142857,-0.631578947368421,0.2602739726027397,0.3333333333333333,0.0,0.0,0.16666666666666666,0.0,0.6666666666666666,0.0,0.16933638443935928,0.11242348478317113,0.036036036036036036,0,0,0,0,0,0,0,1,0,0,0,0,1,0,0,1,0,0,0,1,0,0,1,0,0,0,0,0,1,0,0,0,0,0,0,0,0,0,0,0,0,0,0,0,0,0,0,0,0,0,0,0,0,0,0,0,0,0,0,0,0,0,1,0,0
1,1,-0.375,0.859154929577465,0.2784789467957782,0.4320754716981131,-0.3,-0.25,0.2857142857142857,-0.631578947368421,0.2602739726027397,0.3333333333333333,0.0,0.0,0.16666666666666666,0.0,0.6666666666666666,0.0,0.16933638443935928,0.11242348478317113,0.036036036036036036,0,0,0,0,0,1,0,0,0,0,0,0,1,0,0,1,0,0,0,1,0,0,1,0,0,0,0,0,1,0,0,0,0,0,0,0,0,0,0,0,0,0,0,0,0,0,0,0,0,0,0,0,0,0,0,0,0,0,0,0,0,0,1,0,0
1,1,-0.375,0.859154929577465,0.2784789467957782,0.4320754716981131,-0.3,-0.25,0.2857142857142857,-0.631578947368421,0.2602739726027397,0.3333333333333333,0.0,0.0,0.16666666666666666,0.0,0.6666666666666666,0.0,0.16933638443935928,0.11242348478317113,0.036036036036036036,0,0,0,0,1,0,0,0,0,0,0,0,1,0,0,1,0,0,0,1,0,0,1,0,0,0,0,0,1,0,0,0,0,0,0,0,0,0,0,0,0,0,0,0,0,0,0,0,0,0,0,0,0,0,0,0,0,0,0,0,0,0,1,0,0
1,1,-0.18647540983606561,0.3568075117370894,0.03689478837993621,0.24339622641509442,-0.1,-0.75,-0.5714285714285714,1.0526315789473684,-1.3013698630136987,1.7777777777777777,1.1023622047244095,0.0,0.0,0.0,0.0,0.0,0.0,-1.4270195706526423,-1.3693693693693694,0,0,0,0,0,1,0,0,0,0,0,0,1,0,0,1,0,0,0,1,0,0,1,0,0,0,0,0,1,0,0,0,0,0,0,0,0,0,0,0,0,0,0,0,0,0,0,0,0,0,0,0,0,0,0,0,0,0,0,0,0,0,0,1,0
1,1,-0.18647540983606561,0.3568075117370894,0.03689478837993621,0.24339622641509442,-0.1,-0.75,-0.5714285714285714,1.0526315789473684,-1.3013698630136987,1.7777777777777777,1.1023622047244095,0.0,0.0,0.0,0.0,0.0,0.0,-1.4270195706526423,-1.3693693693693694,0,0,0,0,0,0,0,1,0,0,0,0,1,0,0,1,0,0,0,1,0,0,1,0,0,0,0,0,1,0,0,0,0,0,0,0,0,0,0,0,0,0,0,0,0,0,0,0,0,0,0,0,0,0,0,0,0,0,0,0,0,0,0,1,0
1,1,-0.18647540983606561,0.3568075117370894,0.03689478837993621,0.24339622641509442,-0.1,-0.75,-0.5714285714285714,1.0526315789473684,-1.3013698630136987,1.7777777777777777,1.1023622047244095,0.0,0.0,0.0,0.0,0.0,0.0,-1.4270195706526423,-1.3693693693693694,0,0,0,0,0,0,1,0,0,0,0,0,1,0,0,1,0,0,0,1,0,0,1,0,0,0,0,0,1,0,0,0,0,0,0,0,0,0,0,0,0,0,0,0,0,0,0,0,0,0,0,0,0,0,0,0,0,0,0,0,0,0,0,1,0
1,1,-0.18647540983606561,0.3568075117370894,0.03689478837993621,0.24339622641509442,-0.1,-0.75,-0.5714285714285714,1.0526315789473684,-1.3013698630136987,1.7777777777777777,1.1023622047244095,0.0,0.0,0.0,0.0,0.0,0.0,-1.4270195706526423,-1.3693693693693694,0,0,0,0,0,0,0,0,0,0,0,0,1,0,0,1,0,0,0,1,0,0,1,0,0,0,0,0,1,0,0,0,0,0,0,0,0,0,0,0,0,0,0,0,0,0,0,0,0,0,0,0,0,0,0,0,0,0,0,0,0,0,0,1,0
1,1,-0.5614754098360656,0.3568075117370894,-0.32548144924382577,0.6018867924528303,-1.0,-2.375,-1.1428571428571428,-2.1052631578947367,0.2876712328767123,-0.5555555555555556,0.0,0.0,0.08333333333333333,1.0,0.0,0.5,0.09305873379099924,0.449693939132684,-0.25225225225225223,0,0,0,0,0,0,0,1,0,0,0,0,1,0,0,1,0,0,0,1,0,0,0,1,0,0,0,1,0,0,0,0,0,0,0,0,0,0,0,0,0,0,0,0,0,0,0,0,0,0,0,0,0,0,0,0,0,0,0,0,0,0,0,1,0
1,1,-0.5614754098360656,0.3568075117370894,-0.32548144924382577,0.6018867924528303,-1.0,-2.375,-1.1428571428571428,-2.1052631578947367,0.2876712328767123,-0.5555555555555556,0.0,0.0,0.08333333333333333,1.0,0.0,0.5,0.09305873379099924,0.449693939132684,-0.25225225225225223,0,0,0,0,0,1,0,0,0,0,0,0,1,0,0,1,0,0,0,1,0,0,0,1,0,0,0,1,0,0,0,0,0,0,0,0,0,0,0,0,0,0,0,0,0,0,0,0,0,0,0,0,0,0,0,0,0,0,0,0,0,0,0,1,0
1,1,-0.5614754098360656,0.3568075117370894,-0.32548144924382577,0.6018867924528303,-1.0,-2.375,-1.1428571428571428,-2.1052631578947367,0.2876712328767123,-0.5555555555555556,0.0,0.0,0.08333333333333333,1.0,0.0,0.5,0.09305873379099924,0.449693939132684,-0.25225225225225223,0,0,0,0,0,0,1,0,0,0,0,0,1,0,0,1,0,0,0,1,0,0,0,1,0,0,0,1,0,0,0,0,0,0,0,0,0,0,0,0,0,0,0,0,0,0,0,0,0,0,0,0,0,0,0,0,0,0,0,0,0,0,0,1,0
1,1,-0.5614754098360656,0.3568075117370894,-0.32548144924382577,0.6018867924528303,-1.0,-2.375,-1.1428571428571428,-2.1052631578947367,0.2876712328767123,-0.5555555555555556,0.0,0.0,0.08333333333333333,1.0,0.0,0.5,0.09305873379099924,0.449693939132684,-0.25225225225225223,0,0,0,0,1,0,0,0,0,0,0,0,1,0,0,1,0,0,0,1,0,0,0,1,0,0,0,1,0,0,0,0,0,0,0,0,0,0,0,0,0,0,0,0,0,0,0,0,0,0,0,0,0,0,0,0,0,0,0,0,0,0,0,1,0
1,1,-0.31147540983606564,0.859154929577465,0.3398650854096394,0.3792452830188678,0.2,-0.625,-0.8571428571428571,-1.263157894736842,0.8904109589041096,0.0,0.0,7.0,0.0,0.0,0.0,1.0,0.0,0.05414259849987093,0.9369369369369369,0,0,0,0,0,0,0,1,0,0,0,0,1,0,0,1,0,0,0,1,0,0,0,1,0,0,0,1,0,0,0,0,0,0,0,0,0,0,0,0,0,0,0,0,0,0,0,0,0,0,0,0,0,0,0,1,0,0,0,0,0,1,0,0,0
1,1,-0.31147540983606564,0.859154929577465,0.3398650854096394,0.3792452830188678,0.2,-0.625,-0.8571428571428571,-1.263157894736842,0.8904109589041096,0.0,0.0,7.0,0.0,0.0,0.0,1.0,0.0,0.05414259849987093,0.9369369369369369,0,0,0,0,0,0,0,0,1,0,0,0,1,0,0,1,0,0,0,1,0,0,0,1,0,0,0,1,0,0,0,0,0,0,0,0,0,0,0,0,0,0,0,0,0,0,0,0,0,0,0,0,0,0,0,1,0,0,0,0,0,1,0,0,0
1,1,-0.375,0.5,-0.022511152214123326,0.420754716981132,-0.6,-0.375,0.5714285714285714,-1.0526315789473684,0.2876712328767123,-0.4444444444444444,0.0,1.0,0.0,0.0,0.0,4.5,0.0,0.0,-0.18018018018018017,0,0,0,0,0,0,0,1,0,0,0,0,1,0,0,1,0,0,0,1,0,0,0,1,0,0,0,0,1,1,0,0,0,0,0,0,0,0,0,0,0,0,0,0,0,0,0,0,0,0,0,0,0,0,0,0,0,0,0,0,0,0,0,1,0
1,1,-0.375,0.5,-0.022511152214123326,0.420754716981132,-0.6,-0.375,0.5714285714285714,-1.0526315789473684,0.2876712328767123,-0.4444444444444444,0.0,1.0,0.0,0.0,0.0,4.5,0.0,0.0,-0.18018018018018017,0,0,0,0,0,0,0,0,1,0,0,0,1,0,0,1,0,0,0,1,0,0,0,1,0,0,0,0,1,1,0,0,0,0,0,0,0,0,0,0,0,0,0,0,0,0,0,0,0,0,0,0,0,0,0,0,0,0,0,0,0,0,0,1,0
1,1,-0.375,0.5,-0.022511152214123326,0.420754716981132,-0.6,-0.375,0.5714285714285714,-1.0526315789473684,0.2876712328767123,-0.4444444444444444,0.0,1.0,0.0,0.0,0.0,4.5,0.0,0.0,-0.18018018018018017,0,0,0,0,0,1,0,0,0,0,0,0,1,0,0,1,0,0,0,1,0,0,0,1,0,0,0,0,1,1,0,0,0,0,0,0,0,0,0,0,0,0,0,0,0,0,0,0,0,0,0,0,0,0,0,0,0,0,0,0,0,0,0,1,0
1,1,-0.375,0.5,-0.022511152214123326,0.420754716981132,-0.6,-0.375,0.5714285714285714,-1.0526315789473684,0.2876712328767123,-0.4444444444444444,0.0,1.0,0.0,0.0,0.0,4.5,0.0,0.0,-0.18018018018018017,0,1,0,0,0,0,0,0,0,0,0,0,1,0,0,1,0,0,0,1,0,0,0,1,0,0,0,0,1,1,0,0,0,0,0,0,0,0,0,0,0,0,0,0,0,0,0,0,0,0,0,0,0,0,0,0,0,0,0,0,0,0,0,1,0
1,1,-0.25000000000000006,-0.07276995305164329,-0.3848873898378853,0.2660377358490567,-0.3,-0.25,0.2857142857142857,-0.42105263157894735,0.3150684931506849,0.2222222222222222,0.0,10.0,0.0,0.0,0.0,0.0,0.0,-0.09311147512716622,0.36036036036036034,0,0,0,0,0,0,0,1,0,0,0,0,1,0,0,1,0,0,0,1,0,0,1,0,0,0,0,0,1,0,0,0,0,0,0,0,0,0,0,0,0,0,0,0,0,0,0,0,0,0,0,0,0,0,0,0,0,0,0,0,0,0,1,0,0
1,1,-0.25000000000000006,-0.07276995305164329,-0.3848873898378853,0.2660377358490567,-0.3,-0.25,0.2857142857142857,-0.42105263157894735,0.3150684931506849,0.2222222222222222,0.0,10.0,0.0,0.0,0.0,0.0,0.0,-0.09311147512716622,0.36036036036036034,0,0,0,0,1,0,0,0,0,0,0,0,1,0,0,1,0,0,0,1,0,0,1,0,0,0,0,0,1,0,0,0,0,0,0,0,0,0,0,0,0,0,0,0,0,0,0,0,0,0,0,0,0,0,0,0,0,0,0,0,0,0,1,0,0
1,1,-0.25000000000000006,-0.07276995305164329,-0.3848873898378853,0.2660377358490567,-0.3,-0.25,0.2857142857142857,-0.42105263157894735,0.3150684931506849,0.2222222222222222,0.0,10.0,0.0,0.0,0.0,0.0,0.0,-0.09311147512716622,0.36036036036036034,0,0,0,0,0,1,0,0,0,0,0,0,1,0,0,1,0,0,0,1,0,0,1,0,0,0,0,0,1,0,0,0,0,0,0,0,0,0,0,0,0,0,0,0,0,0,0,0,0,0,0,0,0,0,0,0,0,0,0,0,0,0,1,0,0
1,1,0.06352459016393434,0.0,-0.022511152214123326,-0.0056603773584907825,0.6,-0.125,-0.8571428571428571,-1.0526315789473684,0.1506849315068493,1.2222222222222223,0.0,4.0,0.0,0.0,0.0,0.5,0.0,-0.2565738425726355,0.25225225225225223,0,0,0,0,0,0,0,1,0,0,0,0,1,0,0,1,0,0,0,1,0,0,0,1,0,0,0,0,1,0,0,0,0,0,0,0,0,0,0,0,0,0,0,0,0,0,0,0,0,0,0,0,0,0,0,0,0,0,0,0,0,0,0,1,0
1,1,0.06352459016393434,0.0,-0.022511152214123326,-0.0056603773584907825,0.6,-0.125,-0.8571428571428571,-1.0526315789473684,0.1506849315068493,1.2222222222222223,0.0,4.0,0.0,0.0,0.0,0.5,0.0,-0.2565738425726355,0.25225225225225223,0,0,0,0,0,0,0,0,1,0,0,0,1,0,0,1,0,0,0,1,0,0,0,1,0,0,0,0,1,0,0,0,0,0,0,0,0,0,0,0,0,0,0,0,0,0,0,0,0,0,0,0,0,0,0,0,0,0,0,0,0,0,0,1,0
1,1,0.06352459016393434,0.0,-0.022511152214123326,-0.0056603773584907825,0.6,-0.125,-0.8571428571428571,-1.0526315789473684,0.1506849315068493,1.2222222222222223,0.0,4.0,0.0,0.0,0.0,0.5,0.0,-0.2565738425726355,0.25225225225225223,0,0,0,0,0,1,0,0,0,0,0,0,1,0,0,1,0,0,0,1,0,0,0,1,0,0,0,0,1,0,0,0,0,0,0,0,0,0,0,0,0,0,0,0,0,0,0,0,0,0,0,0,0,0,0,0,0,0,0,0,0,0,0,1,0
1,1,0.06352459016393434,0.0,-0.022511152214123326,-0.0056603773584907825,0.6,-0.125,-0.8571428571428571,-1.0526315789473684,0.1506849315068493,1.2222222222222223,0.0,4.0,0.0,0.0,0.0,0.5,0.0,-0.2565738425726355,0.25225225225225223,0,0,0,0,1,0,0,0,0,0,0,0,1,0,0,1,0,0,0,1,0,0,0,1,0,0,0,0,1,0,0,0,0,0,0,0,0,0,0,0,0,0,0,0,0,0,0,0,0,0,0,0,0,0,0,0,0,0,0,0,0,0,0,1,0
1,1,0.1885245901639344,0.2863849765258216,0.3398650854096394,-0.06226415094339651,0.6,0.25,-0.42857142857142855,-0.21052631578947367,-0.2054794520547945,1.5555555555555556,0.0,2.0,0.0,0.0,0.0,1.0,0.0,-0.45141822570911244,-0.18018018018018017,0,0,0,0,1,0,0,0,0,0,0,0,1,0,0,1,0,0,0,1,0,0,1,0,0,0,0,0,1,0,0,0,0,0,0,0,0,0,0,0,0,0,0,0,0,0,0,0,0,0,0,0,0,0,0,0,0,0,0,0,0,0,1,0,0
1,1,0.1885245901639344,0.2863849765258216,0.3398650854096394,-0.06226415094339651,0.6,0.25,-0.42857142857142855,-0.21052631578947367,-0.2054794520547945,1.5555555555555556,0.0,2.0,0.0,0.0,0.0,1.0,0.0,-0.45141822570911244,-0.18018018018018017,0,0,0,0,0,0,0,1,0,0,0,0,1,0,0,1,0,0,0,1,0,0,1,0,0,0,0,0,1,0,0,0,0,0,0,0,0,0,0,0,0,0,0,0,0,0,0,0,0,0,0,0,0,0,0,0,0,0,0,0,0,0,1,0,0
1,1,0.1885245901639344,0.2863849765258216,0.3398650854096394,-0.06226415094339651,0.6,0.25,-0.42857142857142855,-0.21052631578947367,-0.2054794520547945,1.5555555555555556,0.0,2.0,0.0,0.0,0.0,1.0,0.0,-0.45141822570911244,-0.18018018018018017,0,1,0,0,0,0,0,0,0,0,0,0,1,0,0,1,0,0,0,1,0,0,1,0,0,0,0,0,1,0,0,0,0,0,0,0,0,0,0,0,0,0,0,0,0,0,0,0,0,0,0,0,0,0,0,0,0,0,0,0,0,0,1,0,0
0,0,0.4999999999999999,-1.002347417840375,-0.44627352845174645,-0.564150943396227,0.8,0.0,-1.0,0.0,0.3150684931506849,0.4444444444444444,7.268322228952151,0.0,0.0,0.0,0.0,1.0,0.0,-0.01655315113371807,0.18018018018018017,0,0,0,0,0,0,0,0,0,0,0,1,0,1,0,1,0,0,0,1,0,0,0,1,0,0,0,1,0,0,0,1,0,0,1,0,0,0,0,0,0,0,0,0,0,0,0,0,0,0,0,0,0,0,0,0,0,0,0,0,0,0,0,0,0
0,0,0.375,0.2863849765258216,0.5200631052116196,-0.19433962264150947,-0.6,0.375,1.2857142857142858,-1.0526315789473684,0.2054794520547945,-0.1111111111111111,14.536644457904302,0.0,0.0,0.0,0.0,0.0,0.0,0.3234761617380812,-0.25225225225225223,0,0,0,0,0,0,0,0,0,0,0,1,0,1,0,1,0,0,0,1,0,0,1,0,0,0,0,0,1,0,0,0,0,0,0,0,0,0,0,0,0,0,0,0,0,0,0,0,0,0,0,0,0,0,0,0,0,0,0,0,0,0,0,0,0
0,0,0.3135245901639343,-2.861502347417839,-2.196768577956697,-1.4283018867924533,-0.2,0.25,0.5714285714285714,-0.42105263157894735,1.0273972602739727,-0.3333333333333333,0.0,0.0,0.0,3.869565217391304,0.7563405797101451,0.5,0.0,0.4083110612983879,0.7567567567567568,0,0,0,0,0,0,0,0,0,0,0,1,0,1,1,0,0,0,0,1,0,0,0,1,0,0,0,1,0,0,0,0,0,0,0,1,0,0,0,0,0,0,0,0,0,0,0,0,0,0,0,0,0,0,0,0,0,0,0,0,0,0,0,0,0
0,0,0.3135245901639343,-0.6431924882629106,-0.32548144924382577,-0.32641509433962285,1.6,2.125,0.2857142857142857,1.6842105263157894,1.3013698630136987,-0.6666666666666666,0.0,12.5,0.0,0.0,0.0,8.5,0.0,-0.5745322872661435,1.837837837837838,0,0,0,0,0,0,0,0,0,0,0,1,0,1,0,1,0,0,0,1,0,0,0,1,0,0,0,1,0,0,1,0,0,0,0,0,0,0,0,0,0,0,0,0,0,0,0,0,0,0,0,0,0,0,0,0,0,0,0,1,0,0,0,0,0
0,0,0.6885245901639343,-1.2159624413145536,-0.44627352845174645,-0.7716981132075476,-0.6,0.5,1.5714285714285714,0.8421052631578947,0.3698630136986301,-0.4444444444444444,0.0,0.0,0.0,0.0,0.0,0.0,0.0,0.45279765497025637,-0.14414414414414414,0,0,0,0,0,0,0,0,0,0,0,1,0,1,1,0,0,0,0,1,0,0,0,1,0,0,0,1,0,0,0,0,0,0,0,0,0,0,0,0,0,0,0,0,0,0,0,0,0,0,0,0,0,0,0,0,0,0,0,0,0,0,0,0,0
0,0,0.9385245901639344,-1.1455399061032858,-0.143303231422044,-0.9075471698113212,-0.4,-0.5,0.14285714285714285,1.4736842105263157,-0.4520547945205479,1.7777777777777777,2.2023016353725016,1.0,0.0,0.0,0.0,1.0,0.0,-0.6003965859125785,-0.46846846846846846,0,0,0,0,0,0,0,0,0,0,0,1,0,1,1,0,0,0,0,1,0,0,0,1,0,0,0,0,1,0,0,0,0,0,0,0,0,0,0,0,0,0,0,0,0,0,0,0,0,0,0,0,0,0,0,0,0,0,0,0,0,0,0,0,0
0,0,0.43852459016393436,-1.2159624413145536,-0.6878576868675884,-0.5830188679245284,-0.4,-0.5,0.14285714285714285,-1.263157894736842,0.0684931506849315,0.3333333333333333,0.0,9.0,0.0,0.0,0.0,4.5,0.0,-0.5007328217949821,0.036036036036036036,0,0,0,0,0,0,0,0,0,0,0,1,0,1,0,1,0,0,0,1,0,0,0,1,0,0,0,1,0,0,0,0,0,0,0,0,0,0,0,0,0,0,0,0,0,0,0,0,0,0,0,0,0,0,0,0,0,0,0,0,0,0,0,0,0
1,0,0.8135245901639344,-1.002347417840375,-0.143303231422044,-0.7830188679245287,1.2,0.875,-0.5714285714285714,0.21052631578947367,-0.0958904109589041,0.1111111111111111,0.0,1.0,0.0,0.0,0.0,0.0,0.0,0.16104836623846888,-0.5405405405405406,0,0,0,0,1,0,0,0,0,0,0,0,0,1,1,0,0,0,0,1,0,0,1,0,0,0,0,0,1,0,0,0,0,1,0,0,0,0,0,0,0,0,0,0,0,0,0,0,0,0,0,0,0,0,0,0,0,0,0,0,0,0,0,0,0
1,0,0.75,-0.49999999999999956,0.2190730062017187,-0.5981132075471699,0.3,0.625,0.42857142857142855,0.0,0.4246575342465753,2.111111111111111,0.0,3.0,0.0,0.0,0.0,1.5,0.0,-0.47314423657211824,0.8648648648648649,0,0,0,0,1,0,0,0,0,0,0,0,0,1,0,1,0,0,0,1,0,0,0,1,0,0,0,1,0,0,0,0,0,0,0,0,0,0,0,0,0,0,0,0,0,0,0,0,0,0,0,0,0,0,0,0,1,0,0,0,0,0,0,0,0
1,0,1.0,-0.8591549295774645,0.15768686758785688,-0.8509433962264156,0.7,0.125,-0.7142857142857143,0.0,0.6712328767123288,0.2222222222222222,3.0284675953967297,5.0,0.0,0.0,0.0,0.0,0.0,0.0827657556685923,0.6486486486486487,0,0,0,0,1,0,0,0,0,0,0,0,0,1,1,0,0,0,0,1,0,0,0,1,0,0,0,1,0,0,0,0,0,0,0,0,0,0,0,0,0,0,0,0,0,0,0,0,0,0,0,0,0,0,0,1,0,0,0,0,0,0,0,0,0
1,0,0.625,-1.502347417840375,-0.7472636274616477,-0.8320754716981136,0.7,0.25,-0.5714285714285714,-0.42105263157894735,0.589041095890411,-0.3333333333333333,0.0,0.0,0.0,0.0,0.0,0.0,0.0,0.3869299077506681,0.18018018018018017,0,0,0,0,1,0,0,0,0,0,0,0,0,1,1,0,0,0,0,1,0,0,1,0,0,0,0,0,1,0,0,0,0,0,0,0,0,0,0,0,0,0,0,0,0,0,0,0,0,0,0,0,0,0,0,1,0,0,0,0,0,0,0,0,0
1,0,0.0,-0.21361502347417835,-0.26409531062996466,0.01698113207547151,-0.6,0.625,1.7142857142857142,-0.631578947368421,-0.3150684931506849,5.666666666666667,0.42398546335554216,1.0,0.0,0.0,0.0,0.0,0.0,-1.1904474523665831,0.972972972972973,0,0,0,0,0,0,0,1,0,0,0,0,0,1,0,1,0,0,0,1,0,0,0,1,0,0,0,0,1,0,0,0,0,0,0,0,0,0,0,0,0,0,0,0,0,0,0,0,0,0,0,0,0,0,0,0,0,0,0,0,0,1,0,0,0
1,0,0.0,-0.21361502347417835,-0.26409531062996466,0.01698113207547151,-0.6,0.625,1.7142857142857142,-0.631578947368421,-0.3150684931506849,5.666666666666667,0.42398546335554216,1.0,0.0,0.0,0.0,0.0,0.0,-1.1904474523665831,0.972972972972973,0,0,0,0,1,0,0,0,0,0,0,0,0,1,0,1,0,0,0,1,0,0,0,1,0,0,0,0,1,0,0,0,0,0,0,0,0,0,0,0,0,0,0,0,0,0,0,0,0,0,0,0,0,0,0,0,0,0,0,0,0,1,0,0,0
1,1,0.06352459016393434,1.0727699530516432,0.8824393428353815,0.11132075471698107,0.7,-0.25,-1.1428571428571428,-0.21052631578947367,0.2328767123287671,0.2222222222222222,3.0284675953967297,2.0,0.0,0.0,0.0,0.0,0.0,0.14208121389774994,-0.036036036036036036,0,0,0,0,1,0,0,0,0,0,0,0,1,0,0,1,0,0,0,0,1,0,1,0,0,0,0,0,1,0,0,0,0,0,0,0,0,0,0,0,0,0,0,0,0,0,0,0,0,0,0,0,0,0,0,0,0,0,0,0,0,1,0,0,0
1,1,0.06352459016393434,1.0727699530516432,0.8824393428353815,0.11132075471698107,0.7,-0.25,-1.1428571428571428,-0.21052631578947367,0.2328767123287671,0.2222222222222222,3.0284675953967297,2.0,0.0,0.0,0.0,0.0,0.0,0.14208121389774994,-0.036036036036036036,0,0,0,0,0,0,0,1,0,0,0,0,1,0,0,1,0,0,0,0,1,0,1,0,0,0,0,0,1,0,0,0,0,0,0,0,0,0,0,0,0,0,0,0,0,0,0,0,0,0,0,0,0,0,0,0,0,0,0,0,0,1,0,0,0
0,0,2.125,-1.2159624413145536,0.9438254814492434,-1.4773584905660384,-0.6,0.0,1.0,-1.4736842105263157,0.2328767123287671,0.0,0.0,0.0,0.0,0.0,0.0,0.0,0.0,0.28761100094835773,-0.18018018018018017,0,0,0,0,0,0,0,0,0,0,0,1,0,1,1,0,0,0,0,0,1,0,1,0,0,0,0,0,1,0,0,0,0,0,0,0,0,0,0,0,0,0,0,0,0,0,0,0,0,0,0,0,0,0,0,0,0,0,0,0,0,0,0,0,0
0,0,1.5614754098360655,-0.8591549295774645,0.7002611250135997,-1.1301886792452833,-0.7,-0.375,0.7142857142857143,0.21052631578947367,1.356164383561644,-0.4444444444444444,0.0,3.0,0.0,0.0,0.0,0.0,0.0,0.3948616260022416,1.2612612612612613,0,0,0,0,0,0,0,0,0,0,0,1,0,1,1,0,0,0,0,0,1,0,1,0,0,0,0,0,1,0,0,0,0,0,0,0,0,0,0,0,0,0,0,0,0,0,0,0,0,0,0,0,0,0,0,0,0,0,0,0,0,0,0,0,0
1,0,0.9385245901639344,-0.14319248826291062,0.7022413230334014,-0.6207547169811323,-0.3,0.625,1.2857142857142858,0.0,0.1232876712328767,0.5555555555555556,0.0,0.0,0.0,0.0,0.0,0.5,0.0,0.04690059487886884,-0.14414414414414414,0,0,0,0,1,0,0,0,0,0,0,0,0,1,0,1,0,0,0,0,1,0,1,0,0,0,0,0,1,0,0,0,0,0,0,0,0,0,0,0,0,0,0,0,0,0,0,0,0,0,0,0,0,0,0,0,0,0,0,0,0,0,1,0,0
1,0,0.9385245901639344,-0.14319248826291062,0.7022413230334014,-0.6207547169811323,-0.3,0.625,1.2857142857142858,0.0,0.1232876712328767,0.5555555555555556,0.0,0.0,0.0,0.0,0.0,0.5,0.0,0.04690059487886884,-0.14414414414414414,0,0,0,0,0,0,0,1,0,0,0,0,0,1,0,1,0,0,0,0,1,0,1,0,0,0,0,0,1,0,0,0,0,0,0,0,0,0,0,0,0,0,0,0,0,0,0,0,0,0,0,0,0,0,0,0,0,0,0,0,0,0,1,0,0
1,0,0.9385245901639344,-0.14319248826291062,0.7022413230334014,-0.6207547169811323,-0.3,0.625,1.2857142857142858,0.0,0.1232876712328767,0.5555555555555556,0.0,0.0,0.0,0.0,0.0,0.5,0.0,0.04690059487886884,-0.14414414414414414,0,1,0,0,0,0,0,0,0,0,0,0,0,1,0,1,0,0,0,0,1,0,1,0,0,0,0,0,1,0,0,0,0,0,0,0,0,0,0,0,0,0,0,0,0,0,0,0,0,0,0,0,0,0,0,0,0,0,0,0,0,0,1,0,0
0,0,2.6864754098360657,-2.288732394366196,0.5814492438254807,-2.1226415094339632,0.1,2.0,2.2857142857142856,0.631578947368421,1.4383561643835616,-0.4444444444444444,0.0,1.0,0.0,0.0,0.0,0.5,0.0,0.3958961979480991,1.2972972972972974,0,0,0,0,0,0,0,0,0,0,0,1,0,1,0,0,0,0,0,0,1,0,1,0,0,0,0,0,1,0,0,0,0,0,0,0,0,0,0,0,0,0,0,0,0,0,0,0,0,0,0,0,0,0,0,1,0,0,0,0,0,0,0,0,0
0,0,2.622950819672131,-1.502347417840375,1.1834294418452824,-1.7452830188679254,0.0,0.375,0.5714285714285714,0.631578947368421,0.3150684931506849,-0.3333333333333333,0.0,0.0,0.0,0.0,0.0,0.0,0.0,0.41072506250538876,-0.18018018018018017,0,0,0,0,0,0,0,0,0,0,0,1,0,1,1,0,0,0,0,0,1,0,1,0,0,0,0,0,1,0,0,0,0,0,0,0,0,0,0,0,0,0,0,0,0,0,0,0,0,0,0,0,0,0,0,0,0,0,0,0,0,0,0,0,0
0,0,1.0614754098360655,-0.49999999999999956,0.5200631052116196,-0.7792452830188683,0.0,0.0,0.2857142857142857,0.631578947368421,0.6712328767123288,0.0,12.113870381586919,2.0,0.0,0.0,0.0,2.5,0.0,0.031726873006293704,0.5045045045045045,0,0,0,0,0,0,0,0,0,0,0,1,0,1,1,0,0,0,0,0,1,0,1,0,0,0,0,0,0,1,0,0,0,0,0,0,0,0,0,0,0,0,0,0,0,0,0,0,0,0,0,0,0,0,0,1,0,0,0,0,0,0,0,0,0
1,0,0.3135245901639343,0.0,0.2190730062017187,-0.19811320754716985,0.0,-0.5,-0.2857142857142857,-0.42105263157894735,-0.1232876712328767,-0.5555555555555556,0.0,7.0,0.0,0.0,0.0,5.0,0.0,-0.5438399862057072,-0.32432432432432434,0,0,0,0,0,1,0,0,0,0,0,0,0,1,0,1,0,0,0,0,1,0,1,0,0,0,0,0,1,0,0,0,1,0,0,0,0,0,0,0,0,0,0,0,0,0,0,0,0,0,0,0,0,0,0,0,0,0,0,0,0,0,0,0,1
1,0,0.3135245901639343,0.0,0.2190730062017187,-0.19811320754716985,0.0,-0.5,-0.2857142857142857,-0.42105263157894735,-0.1232876712328767,-0.5555555555555556,0.0,7.0,0.0,0.0,0.0,5.0,0.0,-0.5438399862057072,-0.32432432432432434,0,0,0,0,0,0,0,1,0,0,0,0,0,1,0,1,0,0,0,0,1,0,1,0,0,0,0,0,1,0,0,0,1,0,0,0,0,0,0,0,0,0,0,0,0,0,0,0,0,0,0,0,0,0,0,0,0,0,0,0,0,0,0,0,1
1,0,0.3135245901639343,0.0,0.2190730062017187,-0.19811320754716985,0.0,-0.5,-0.2857142857142857,-0.42105263157894735,-0.1232876712328767,-0.5555555555555556,0.0,7.0,0.0,0.0,0.0,5.0,0.0,-0.5438399862057072,-0.32432432432432434,0,0,0,0,1,0,0,0,0,0,0,0,0,1,0,1,0,0,0,0,1,0,1,0,0,0,0,0,1,0,0,0,1,0,0,0,0,0,0,0,0,0,0,0,0,0,0,0,0,0,0,0,0,0,0,0,0,0,0,0,0,0,0,0,1
1,0,0.3135245901639343,0.0,0.2190730062017187,-0.19811320754716985,0.0,-0.5,-0.2857142857142857,-0.42105263157894735,-0.1232876712328767,-0.5555555555555556,0.0,7.0,0.0,0.0,0.0,5.0,0.0,-0.5438399862057072,-0.32432432432432434,0,1,0,0,0,0,0,0,0,0,0,0,0,1,0,1,0,0,0,0,1,0,1,0,0,0,0,0,1,0,0,0,1,0,0,0,0,0,0,0,0,0,0,0,0,0,0,0,0,0,0,0,0,0,0,0,0,0,0,0,0,0,0,0,1
1,0,0.3135245901639343,0.0,0.2190730062017187,-0.19811320754716985,0.0,-0.5,-0.2857142857142857,-0.42105263157894735,-0.1232876712328767,-0.5555555555555556,0.0,7.0,0.0,0.0,0.0,5.0,0.0,-0.5438399862057072,-0.32432432432432434,0,0,0,0,0,0,0,0,1,0,0,0,0,1,0,1,0,0,0,0,1,0,1,0,0,0,0,0,1,0,0,0,1,0,0,0,0,0,0,0,0,0,0,0,0,0,0,0,0,0,0,0,0,0,0,0,0,0,0,0,0,0,0,0,1
0,0,0.625,0.2863849765258216,0.7616472636274609,-0.35283018867924554,-0.3,-0.75,-0.2857142857142857,0.42105263157894735,0.4794520547945205,-0.5555555555555556,0.0,0.0,0.0,0.0,0.0,0.5,0.0,0.4555565134925427,-0.036036036036036036,0,0,0,0,0,0,0,0,0,0,0,1,0,1,0,1,0,0,0,0,1,0,1,0,0,0,0,0,1,0,0,0,0,0,0,0,0,0,0,0,0,0,0,0,0,0,0,0,0,0,0,0,0,0,0,0,0,0,0,0,0,0,0,0,0
0,0,1.625,-1.2159624413145536,0.46065716461756,-1.284905660377359,-0.6,0.125,1.1428571428571428,1.263157894736842,1.0547945205479452,0.0,0.0,1.0,0.0,0.0,0.0,0.0,0.0,0.3238210190533667,0.9369369369369369,0,0,0,0,0,0,0,0,0,0,0,1,0,1,1,0,0,0,0,0,1,0,1,0,0,0,0,0,1,0,0,0,0,0,0,0,0,0,0,0,0,0,0,0,0,0,0,0,0,0,0,0,0,0,0,0,0,0,0,0,0,0,0,0,0
0,0,0.9385245901639344,0.21361502347417877,1.0032314220433023,-0.545283018867925,0.0,-0.375,-0.2857142857142857,-1.0526315789473684,0.3698630136986301,0.0,0.0,5.0,0.0,0.0,0.0,0.0,0.0,0.1303560651780326,0.18018018018018017,0,0,0,0,0,0,0,0,0,0,0,1,0,1,0,1,0,0,0,0,1,0,1,0,0,0,0,0,1,0,0,0,0,0,0,0,0,0,0,0,0,0,0,0,0,0,0,0,0,0,0,0,0,0,0,0,0,0,0,0,0,0,0,0,0
0,0,1.0,-0.7159624413145534,0.2784789467957782,-0.8056603773584909,-1.6,1.25,3.857142857142857,-1.0526315789473684,0.6712328767123288,-0.1111111111111111,0.0,6.0,0.0,0.0,0.0,4.5,0.0,-0.24691783774463302,0.6126126126126126,0,0,0,0,0,0,0,0,0,0,0,1,0,1,1,0,0,0,0,0,1,0,1,0,0,0,0,0,1,1,0,0,0,0,0,0,0,0,0,0,0,0,0,0,0,0,0,0,0,0,0,0,0,0,0,0,0,1,0,0,0,0,0,0,0
0,0,1.5614754098360655,0.07042253521126733,1.4863997388749857,-0.8735849056603778,0.2,-0.375,-0.5714285714285714,0.0,0.3972602739726027,0.5555555555555556,0.0,2.0,0.0,0.0,0.0,2.5,0.0,-0.13483921027674786,0.32432432432432434,0,0,0,0,0,0,0,0,0,0,0,1,0,1,1,0,0,0,0,0,1,0,1,0,0,0,0,0,1,1,0,0,0,0,0,0,0,0,0,0,0,0,0,0,0,0,0,0,0,0,0,0,0,0,0,0,0,0,0,0,0,0,0,0,0
0,0,1.4364754098360655,-0.6431924882629106,0.7616472636274609,-1.0094339622641515,0.6,0.5,-0.14285714285714285,-0.21052631578947367,0.1232876712328767,0.2222222222222222,3.0284675953967297,1.0,0.0,0.0,0.0,0.5,0.0,0.1182860591430298,-0.21621621621621623,0,0,0,0,0,0,0,0,0,0,0,1,0,1,1,0,0,0,0,0,1,0,1,0,0,0,0,0,1,0,0,0,0,0,0,0,0,0,0,0,0,0,0,0,0,0,0,0,0,0,0,0,0,0,0,0,0,0,0,0,0,0,0,0,0
1,1,-0.43647540983606564,0.14319248826291103,-0.3848873898378853,0.46603773584905656,0.0,0.75,1.0,0.21052631578947367,0.1506849315068493,-0.5555555555555556,0.0,1.0,0.25,0.0,1.0,0.0,0.28604118993135014,0.318303302008794,-0.32432432432432434,0,0,0,0,1,0,0,0,0,0,0,0,0,0,0,1,1,0,0,0,0,0,0,0,1,0,0,1,0,0,0,0,0,0,0,0,0,0,0,0,0,0,0,0,0,0,0,0,0,0,0,0,0,0,0,0,0,0,0,0,0,0,0,0,0
1,1,-0.9364754098360657,2.50469483568075,1.1240235012512236,0.8811320754716986,-0.6,-0.625,0.2857142857142857,-0.42105263157894735,0.1506849315068493,0.5555555555555556,0.0,2.0,0.5833333333333334,0.0,2.3333333333333335,0.0,0.5621662852784135,-0.19208552461419062,0.21621621621621623,0,0,0,0,0,0,0,1,0,0,0,0,1,0,0,1,0,0,0,0,0,1,0,0,0,0,0,0,1,0,0,0,0,0,0,0,0,0,0,0,0,0,0,0,0,0,0,0,0,0,0,0,0,0,0,0,0,0,0,0,0,0,0,0,0
1,1,0.0,-0.5727699530516429,-0.5670656076596678,-0.039622641509434224,1.4,1.625,0.0,-0.631578947368421,0.5068493150684932,1.2222222222222223,0.0,1.0,0.0,0.0,0.0,0.0,0.0,-0.05172859729287007,0.6126126126126126,0,0,0,0,0,0,0,1,0,0,0,0,1,0,0,1,0,0,1,0,0,0,0,1,0,0,0,1,0,0,0,0,0,0,0,0,0,0,0,0,0,0,0,0,0,0,0,0,0,0,0,0,0,0,0,0,0,0,0,0,0,0,0,0,0
1,1,-0.5614754098360656,0.07042253521126733,-0.5670656076596678,0.6018867924528303,0.2,0.0,-0.14285714285714285,0.0,-0.0684931506849315,-0.4444444444444444,0.0,0.0,1.6666666666666667,20.0,0.0,0.0,1.8443935926773456,0.3821019053366669,0.07207207207207207,0,0,0,0,0,0,0,1,0,0,0,0,1,0,0,1,0,0,0,1,0,0,0,1,0,0,0,1,0,0,0,0,0,0,0,0,0,0,0,0,1,0,0,0,0,0,0,0,0,0,0,1,0,0,0,0,0,0,0,0,0,0,1,0,0
1,1,-0.5614754098360656,0.07042253521126733,-0.5670656076596678,0.6018867924528303,0.2,0.0,-0.14285714285714285,0.0,-0.0684931506849315,-0.4444444444444444,0.0,0.0,1.6666666666666667,20.0,0.0,0.0,1.8443935926773456,0.3821019053366669,0.07207207207207207,0,0,0,0,0,0,1,0,0,0,0,0,1,0,0,1,0,0,0,1,0,0,0,1,0,0,0,1,0,0,0,0,0,0,0,0,0,0,0,0,1,0,0,0,0,0,0,0,0,0,0,1,0,0,0,0,0,0,0,0,0,0,1,0,0
1,1,-0.5614754098360656,0.07042253521126733,-0.5670656076596678,0.6018867924528303,0.2,0.0,-0.14285714285714285,0.0,-0.0684931506849315,-0.4444444444444444,0.0,0.0,1.6666666666666667,20.0,0.0,0.0,1.8443935926773456,0.3821019053366669,0.07207207207207207,0,0,0,0,1,0,0,0,0,0,0,0,1,0,0,1,0,0,0,1,0,0,0,1,0,0,0,1,0,0,0,0,0,0,0,0,0,0,0,0,1,0,0,0,0,0,0,0,0,0,0,1,0,0,0,0,0,0,0,0,0,0,1,0,0
1,1,-0.5000000000000001,-0.07276995305164329,-0.628451746273529,0.530188679245283,0.5,0.375,-0.14285714285714285,0.42105263157894735,-1.821917808219178,-0.6666666666666666,0.0,1.0,6.833333333333333,41.0,6.583333333333338,0.5,5.147215865751335,-1.7932580394861621,1.2252252252252251,0,0,0,0,0,1,0,0,0,0,0,0,1,0,0,1,0,0,0,0,0,0,0,0,0,1,1,0,0,0,0,0,0,0,0,0,0,0,0,1,0,0,0,0,0,0,0,0,0,0,1,0,0,0,0,0,0,1,0,0,0,0,0,0,1
1,1,-0.5000000000000001,-0.07276995305164329,-0.628451746273529,0.530188679245283,0.5,0.375,-0.14285714285714285,0.42105263157894735,-1.821917808219178,-0.6666666666666666,0.0,1.0,6.833333333333333,41.0,6.583333333333338,0.5,5.147215865751335,-1.7932580394861621,1.2252252252252251,0,0,0,0,0,0,0,1,0,0,0,0,1,0,0,1,0,0,0,0,0,0,0,0,0,1,1,0,0,0,0,0,0,0,0,0,0,0,0,1,0,0,0,0,0,0,0,0,0,0,1,0,0,0,0,0,0,1,0,0,0,0,0,0,1
1,1,-0.5000000000000001,-0.07276995305164329,-0.628451746273529,0.530188679245283,0.5,0.375,-0.14285714285714285,0.42105263157894735,-1.821917808219178,-0.6666666666666666,0.0,1.0,6.833333333333333,41.0,6.583333333333338,0.5,5.147215865751335,-1.7932580394861621,1.2252252252252251,0,0,0,0,1,0,0,0,0,0,0,0,1,0,0,1,0,0,0,0,0,0,0,0,0,1,1,0,0,0,0,0,0,0,0,0,0,0,0,1,0,0,0,0,0,0,0,0,0,0,1,0,0,0,0,0,0,1,0,0,0,0,0,0,1
1,1,-0.5000000000000001,-0.07276995305164329,-0.628451746273529,0.530188679245283,0.5,0.375,-0.14285714285714285,0.42105263157894735,-1.821917808219178,-0.6666666666666666,0.0,1.0,6.833333333333333,41.0,6.583333333333338,0.5,5.147215865751335,-1.7932580394861621,1.2252252252252251,0,1,0,0,0,0,0,0,0,0,0,0,1,0,0,1,0,0,0,0,0,0,0,0,0,1,1,0,0,0,0,0,0,0,0,0,0,0,0,1,0,0,0,0,0,0,0,0,0,0,1,0,0,0,0,0,0,1,0,0,0,0,0,0,1
1,1,-0.5000000000000001,-0.07276995305164329,-0.628451746273529,0.530188679245283,0.5,0.375,-0.14285714285714285,0.42105263157894735,-1.821917808219178,-0.6666666666666666,0.0,1.0,6.833333333333333,41.0,6.583333333333338,0.5,5.147215865751335,-1.7932580394861621,1.2252252252252251,0,0,0,0,0,0,0,0,0,0,0,0,1,0,0,1,0,0,0,0,0,0,0,0,0,1,1,0,0,0,0,0,0,0,0,0,0,0,0,1,0,0,0,0,0,0,0,0,0,0,1,0,0,0,0,0,0,1,0,0,0,0,0,0,1
1,1,-0.6864754098360656,2.3615023474178396,1.2448155804591443,0.6924528301886795,-0.7,-1.875,-1.0,0.631578947368421,0.0410958904109589,-0.3333333333333333,0.0,1.0,1.0,10.0,0.6666666666666666,0.5,1.1998474446987033,0.185188378308475,0.0,0,0,0,0,0,0,0,0,1,0,0,0,1,0,0,1,0,0,0,0,1,0,1,0,0,0,0,0,1,0,0,0,0,0,0,0,1,0,0,0,1,0,0,0,0,0,0,0,0,0,0,1,0,0,0,0,0,0,0,0,0,0,0,0,1
1,1,-0.6864754098360656,2.3615023474178396,1.2448155804591443,0.6924528301886795,-0.7,-1.875,-1.0,0.631578947368421,0.0410958904109589,-0.3333333333333333,0.0,1.0,1.0,10.0,0.6666666666666666,0.5,1.1998474446987033,0.185188378308475,0.0,0,1,0,0,0,0,0,0,0,0,0,0,1,0,0,1,0,0,0,0,1,0,1,0,0,0,0,0,1,0,0,0,0,0,0,0,1,0,0,0,1,0,0,0,0,0,0,0,0,0,0,1,0,0,0,0,0,0,0,0,0,0,0,0,1
1,1,-0.6864754098360656,2.3615023474178396,1.2448155804591443,0.6924528301886795,-0.7,-1.875,-1.0,0.631578947368421,0.0410958904109589,-0.3333333333333333,0.0,1.0,1.0,10.0,0.6666666666666666,0.5,1.1998474446987033,0.185188378308475,0.0,0,0,0,0,0,0,0,1,0,0,0,0,1,0,0,1,0,0,0,0,1,0,1,0,0,0,0,0,1,0,0,0,0,0,0,0,1,0,0,0,1,0,0,0,0,0,0,0,0,0,0,1,0,0,0,0,0,0,0,0,0,0,0,0,1
1,1,-0.6864754098360656,2.3615023474178396,1.2448155804591443,0.6924528301886795,-0.7,-1.875,-1.0,0.631578947368421,0.0410958904109589,-0.3333333333333333,0.0,1.0,1.0,10.0,0.6666666666666666,0.5,1.1998474446987033,0.185188378308475,0.0,0,0,0,0,1,0,0,0,0,0,0,0,1,0,0,1,0,0,0,0,1,0,1,0,0,0,0,0,1,0,0,0,0,0,0,0,1,0,0,0,1,0,0,0,0,0,0,0,0,0,0,1,0,0,0,0,0,0,0,0,0,0,0,0,1
1,1,-0.6864754098360656,2.3615023474178396,1.2448155804591443,0.6924528301886795,-0.7,-1.875,-1.0,0.631578947368421,0.0410958904109589,-0.3333333333333333,0.0,1.0,1.0,10.0,0.6666666666666666,0.5,1.1998474446987033,0.185188378308475,0.0,0,0,0,0,0,0,0,0,0,1,0,0,1,0,0,1,0,0,0,0,1,0,1,0,0,0,0,0,1,0,0,0,0,0,0,0,1,0,0,0,1,0,0,0,0,0,0,0,0,0,0,1,0,0,0,0,0,0,0,0,0,0,0,0,1
0,0,0.24999999999999994,-0.7159624413145534,-0.44627352845174645,-0.288679245283019,0.5,0.875,0.42857142857142855,0.42105263157894735,1.0,-0.3333333333333333,0.0,0.0,0.0,0.0,0.0,0.0,0.0,0.43900336235882415,0.7207207207207207,0,0,0,0,0,0,0,0,0,0,0,1,0,1,0,1,0,0,1,0,0,0,0,1,0,0,0,1,0,0,0,0,0,0,0,0,0,0,0,0,0,0,0,0,0,0,0,0,0,0,0,0,0,0,0,0,0,0,0,0,0,0,0,0,0
0,0,0.6700819672131146,-1.2159624413145536,-0.46211511261016264,-0.7566037735849059,0.5,0.625,0.2857142857142857,0.0,-0.3150684931506849,-0.2222222222222222,18.170805572380377,0.0,0.0,0.0,0.0,0.5,0.0,0.255884127942064,-0.972972972972973,0,0,0,0,0,0,0,0,0,0,0,1,0,1,1,0,0,0,0,1,0,0,0,1,0,0,0,0,1,0,0,0,0,0,0,0,0,0,0,0,0,0,0,0,0,0,0,0,0,0,0,0,0,0,0,0,0,0,0,0,0,0,0,0,0
0,0,0.8135245901639344,-1.575117370892018,-0.626471548253727,-0.9943396226415101,1.1,1.0,-0.2857142857142857,1.6842105263157894,-0.2602739726027397,3.3333333333333335,9.422168382798306,2.0,0.0,0.0,0.0,0.0,0.0,-0.8386929907750665,0.32432432432432434,0,0,0,0,0,0,0,0,0,0,0,1,0,1,1,0,0,0,0,1,0,0,1,0,0,0,0,0,1,0,0,0,0,0,0,0,0,0,0,0,0,0,0,0,0,0,0,0,0,0,0,0,0,0,0,1,0,0,0,0,0,0,0,0,0
0,0,0.0,-0.7863849765258212,-0.7472636274616477,-0.07735849056603804,-0.2,0.625,1.1428571428571428,0.8421052631578947,0.0958904109589041,-0.2222222222222222,6.056935190793459,1.0,0.0,0.0,0.0,2.0,0.0,0.0475903095094408,-0.3963963963963964,0,0,0,0,0,0,0,0,0,0,0,1,0,1,0,1,0,0,0,1,0,0,0,1,0,0,0,1,0,0,0,0,0,0,0,0,0,0,0,0,0,0,0,0,0,0,0,0,0,0,0,0,0,0,0,0,1,0,0,0,0,0,0,0,0
0,0,1.125,-2.9342723004694826,-1.4720161027091723,-2.0811320754716993,0.5,0.0,-0.42857142857142855,-0.42105263157894735,0.8082191780821918,0.6666666666666666,8.07510599636584,0.0,0.0,0.0,0.0,0.0,0.0,0.13001120786274714,0.7927927927927928,0,0,0,0,0,0,0,0,0,0,0,1,0,1,0,0,0,0,0,1,0,0,1,0,0,0,0,0,1,0,0,0,0,0,0,0,0,0,0,0,0,0,0,0,0,0,0,0,0,0,0,0,0,0,0,1,0,0,0,0,0,0,0,0,0
0,0,0.75,0.7159624413145534,1.2448155804591443,-0.35283018867924554,0.7,0.625,-0.14285714285714285,1.4736842105263157,0.8904109589041096,-0.5555555555555556,0.0,0.0,0.0,0.0,0.0,0.0,0.0,0.5003879644796967,0.5045045045045045,0,0,0,0,0,0,0,0,0,0,0,1,0,1,0,1,0,0,0,0,1,0,1,0,0,0,0,0,1,0,0,0,0,0,0,0,0,0,0,0,0,0,0,0,0,0,0,0,0,0,0,0,0,0,0,0,0,0,0,0,0,0,0,0,0
0,0,1.0614754098360655,-2.1455399061032856,-0.8680557066695683,-1.4396226415094344,-0.6,-0.625,0.2857142857142857,0.631578947368421,0.9726027397260274,-0.2222222222222222,0.0,0.0,0.0,0.0,0.0,0.5,0.0,0.3458918872316579,0.7567567567567568,0,0,0,0,0,0,0,0,0,0,0,1,0,1,1,0,0,0,0,1,0,0,0,1,0,0,0,1,0,1,0,0,0,0,0,0,0,0,0,0,0,0,0,0,0,0,0,0,0,0,0,0,0,0,0,0,0,0,0,0,0,0,0,0,0
0,0,0.625,0.07042253521126733,0.5794690458056792,-0.39433962264150973,-0.6,0.0,1.0,0.0,0.1506849315068493,-0.2222222222222222,0.0,0.0,0.0,0.0,0.0,0.0,0.0,0.35934132252780415,-0.36036036036036034,0,0,0,0,0,0,0,0,0,0,0,1,0,1,0,1,0,0,0,0,1,0,1,0,0,0,0,0,1,0,0,0,0,0,0,0,0,0,0,0,0,0,0,0,0,0,0,0,0,0,0,0,0,0,0,0,0,0,0,0,0,0,0,0,0
1,0,0.3135245901639343,-0.7863849765258212,-0.44429333043194486,-0.3603773584905663,0.3,0.625,0.42857142857142855,1.0526315789473684,0.3424657534246575,0.3333333333333333,8.07510599636584,0.0,0.5833333333333334,0.0,2.3333333333333335,0.5,0.5446224256292906,-0.06448831795844435,0.32432432432432434,0,0,0,0,0,0,0,1,0,0,0,0,0,1,0,1,0,1,0,0,0,0,0,0,1,0,0,1,0,0,0,0,0,0,0,0,0,0,0,0,0,0,0,0,0,0,0,0,0,0,0,0,0,0,0,0,0,0,0,0,0,0,0,0,0
0,0,0.4999999999999999,-0.3853634628282505,0.022511152214122622,-0.33922869583246956,0.2,0.125,0.0,-0.8421052631578947,1.2191780821917808,-0.3333333333333333,0.0,0.0,0.0,0.0,0.0,0.0,0.0,0.4455556513492543,1.009009009009009,0,0,0,0,0,0,0,0,0,0,0,1,0,1,0,1,0,0,1,0,0,0,0,0,1,0,0,1,0,0,0,0,0,0,0,0,0,0,0,0,0,0,0,0,0,0,0,0,0,1,0,0,0,0,0,0,0,0,0,0,0,0,0,0,0
0,0,2.747950819672131,-3.2206572769953037,-0.14528342944184558,-2.730188679245284,-0.5,-1.0,-0.2857142857142857,-0.21052631578947367,0.3150684931506849,-0.3333333333333333,0.0,1.0,0.0,0.0,0.0,0.0,0.0,0.37141132856280745,-0.14414414414414414,0,0,0,0,0,0,0,0,0,0,0,1,0,1,0,0,0,0,0,0,1,0,1,0,0,0,0,0,1,0,0,0,0,0,0,0,0,0,0,0,0,0,0,0,0,0,0,0,0,0,0,0,0,0,0,0,0,0,0,0,0,0,0,0,0
0,0,2.5614754098360657,-0.3853634628282505,0.022511152214122622,-0.33922869583246956,0.3,0.125,-0.14285714285714285,1.0526315789473684,-0.7808219178082192,5.111111111111111,0.0,2.0,0.0,0.0,0.0,0.5,0.0,-1.4625398741270796,0.21621621621621623,0,0,0,0,0,0,0,0,0,0,0,1,0,1,0,1,0,0,0,0,1,0,1,0,0,0,0,0,1,0,0,0,0,0,0,0,0,0,0,0,0,0,0,0,0,0,0,0,0,0,0,0,0,0,0,0,0,0,0,0,0,0,0,0,0
